accX,accY,accZ,gyroX,gyroY,gyroZ,d_uncMagX,d_uncMagY,d_uncMagZ
0.29221232,0.15562311000000004,-0.8190589999999993,-0.014972303999999999,0.02213775975,0.202709515,0.0,0.10000000000002274,0.05000000000001137
0.36631286500000004,0.07206547,0.2571355000000004,-0.0018387008,-0.029785787999999997,0.201182355,0.0,0.19999999999998863,0.05000000000001137
0.28670566000000003,0.10462662,-0.0720679999999998,-0.008558219,-0.03467271,0.20209865,-0.10000000000000142,0.04999499999999557,0.0
0.092416185,0.1021127,0.13144000000000133,-0.01100168,-0.054831263,0.1978226,0.0,0.15000499999999306,0.0
-0.04225766,0.036990416,-0.18998200000000054,-0.007641921049999998,-0.025204297999999997,0.196906305,0.10000000000000142,0.10000000000002274,0.0
-0.024301147000000002,0.06679823,0.6551714999999998,-0.03421456,-0.0111543978,0.20515298,0.0,0.19999999999998863,0.0
0.06979098000000002,0.18698715500000002,0.07637300000000025,-0.0351308575,0.010225886399999998,0.21065077,0.0,0.09998999999999114,-0.10000000000002274
0.27581203,0.12090719000000001,0.6533750000000005,-0.005503893,-0.0108489655,0.21675943,0.0,0.15001000000000886,0.0
0.33919853,0.082240826,-0.7771600000000003,-0.0024495665,-0.07498982,0.21828659,0.0,0.05000000000001137,0.0
0.26647465000000004,0.0017956512000000002,-1.2356499999999997,-0.006725624,-0.09301034,0.218592025,-0.10000000000000142,0.19999999999998863,0.0
0.14532804,0.010055647000000001,-0.5963979999999989,-0.033603694,-0.11713952,0.21065077,0.0,0.09998999999999114,0.0
0.029328972,0.2183512,0.3517060000000001,-0.031771097000000005,-0.107365675,0.20942904,0.0,0.10000999999999749,0.0
-0.036990416,0.16232687,0.6042940000000012,0.0054916814,-0.04994434,0.21431597,-0.05000000000000426,0.25,-0.05000000000001137
-0.06428431,0.01412579,-1.5014059999999994,-0.009169085,-0.032840114,0.22531153,-0.04999999999999716,0.1499900000000025,-0.05000000000001137
0.090500826,0.082001406,0.33734100000000034,-0.017721198,-0.00046425546,0.2240898,0.0,0.15001000000000886,0.0
0.20290859000000003,0.16543933000000002,1.8109723000000004,-0.0329928285,-0.023371702999999997,0.231725625,0.0,0.15000000000000568,-0.0999999999999659
0.21188686000000004,0.20242975,0.04524800000000084,0.006102547,-0.03009122,0.235085375,0.0,0.19998999999998546,-0.10000000000002274
0.1673547,-0.045848963,-0.6203399999999988,0.017098121,-0.036505304,0.23019846,0.0,0.15001000000000886,0.0
0.14197617,0.13215994,-0.6394932499999992,-0.015888601999999998,-0.060939915,0.22256264,0.0,0.15000000000000568,-0.0999999999999659
0.10067618,0.162087455,1.4961339999999996,0.017708987,-0.04078136,0.2259224,0.0,0.09999999999999432,0.0
0.08702923000000001,0.18297686500000002,-0.309094,0.0271773975,-0.027342327000000003,0.23264192,0.0,0.19999999999998863,0.0
0.08942343600000001,-0.025977087,-1.306279,0.028093696,-0.02184454,0.23325278,0.0,0.20000000000001705,0.0
0.09277531500000001,0.023223756,-0.2815599999999989,-0.013750574000000002,-0.01726305025,0.239666865,0.10000000000000142,0.19998999999998546,0.0
0.12378023,0.15729905,1.260306,-0.021997254,-0.030396651,0.24058317,-0.10000000000000142,0.10000999999999749,0.0
0.12988545,0.08439561000000001,0.05602200000000046,-0.00428216255,-0.03589444,0.25585481,0.10000000000000142,0.20000000000001705,-0.10000000000002274
0.114921685,0.013766660000000007,-0.18698899999999874,-0.0168049,-0.033145546,0.26685038,0.0,0.19998999999998546,0.0
0.07338228000000001,0.12294226,-0.4132409999999993,-0.030549368,-0.031007517,0.27479163,0.0,0.15001000000000886,-0.10000000000002274
0.0770932935,0.12000936499999999,0.43550350000000115,-0.029938504,-0.037727035500000006,0.291285,-0.10000000000000142,0.15000000000000568,0.0
0.10055647000000001,0.15610195000000002,0.19847700000000046,-0.01222341,-0.050555207000000005,0.313887,0.04999999999999716,0.1499949999999899,0.0
0.10043676,0.017477672,-0.5473169999999996,-0.006725624,-0.036505304,0.33709988,0.05000000000000426,0.15000499999999306,0.10000000000002274
0.06332663000000001,0.040940848,-0.2923340000000003,-0.014056006,-0.028564058,0.35603672,0.0,0.10000000000002274,0.0
0.11396400000000001,0.08379706,-0.018197999999999936,-0.036047153,-0.039559633,0.377417,0.10000000000000142,0.19999999999998863,0.10000000000002274
0.11911154,0.15466543,0.11946800000000124,-0.013139709,-0.035589008500000005,0.396964685,0.050001500000000476,0.19999999999998863,0.049999999999954525
0.11168951,0.024720133000000002,0.10270900000000083,-0.0180266304,-0.038948765,0.422926455,0.05000149999999337,0.20000000000001705,0.05000000000001137
0.14484919999999998,0.1174356,-0.19776300000000013,-0.021386389,-0.0383379,0.43667093,0.049998500000000945,0.09999999999999432,0.0
0.17944542000000002,0.092416185,0.32417300000000004,-0.027495041,-0.041392226,0.45560774,0.049998500000000945,0.19999999999998863,-0.0999999999999659
0.22631191000000006,0.11192893,0.47021900000000016,-0.0106962473755,-0.0636888075,0.474850015,0.0,0.20000000000001705,0.049999999999954525
0.24612392999999996,0.09080009850000001,0.3529030000000013,-0.005503893100000001,-0.06918659349999999,0.484929275,-0.049998500000000945,0.29999999999998295,0.0
0.26240451000000004,0.035793316,0.4983507500000002,-0.012528843,-0.082320195,0.488899915,0.14999850000000237,0.10000000000002274,0.1500000000000341
0.22816741000000001,0.11887212000000001,-0.5006299999999992,-0.055594843,-0.106143944,0.49042705,0.0,0.14999999999997726,0.0999999999999659
0.16424223000000004,0.059017074,0.4378970000000013,-0.033603694,-0.08965058,0.50020087,0.10000000000000142,0.19999500000000126,0.10000000000002274
0.15562311000000004,0.034117374,-0.025979500000000044,-0.024746147500000003,-0.062772508,0.5029498,0.10000000000000142,0.2500050000000158,0.10000000000002274
0.16543933000000002,0.01023521217,-0.5221769999999992,-0.036352587,-0.047195445,0.5093639,0.19999999999999574,0.29999999999998295,0.19999999999998863
0.21308396000000004,0.078529817,-0.13910499999999892,-0.061703496,-0.03711617,0.5075313,0.0,0.15000000000006253,0.05000000000001137
0.30514100000000005,0.093732995,0.9430740000000011,-0.05376225,-0.052387800000000005,0.5105856,0.20000000000000284,0.14999999999994884,0.3499999999999659
0.31387985,0.13790601,0.05482500000000101,-0.023218986,-0.063994244,0.51119643,0.10000000000000142,0.30000000000001137,0.10000000000002274
0.2834735,0.011851298000000001,-0.2911369999999991,-0.026273312000000004,-0.054831263,0.50081176,0.10000299999999385,0.09999999999999432,0.19999999999998863
0.13299791000000002,-0.1460463,0.9622270000000004,-0.059260033,-0.03345098,0.49409226,0.09999700000000189,0.29999999999998295,0.10000000000002274
0.14808137,0.20470424,-0.5820329999999991,-0.064757824,-0.041392226,0.48737273,0.20000000000000284,0.30000000000001137,0.0999999999999659
0.35601780000000005,-0.015083471000000001,-0.0038330000000001974,-0.021691822500000003,-0.0276477573,0.47607174,0.20000299999999527,0.30000000000001137,0.19999999999998863
0.4155137,0.032680854,-0.41204399999999985,-0.069339313,-0.0297857875,0.47240654,0.09999700000000189,0.19999999999998863,0.10000000000002274
0.37816415000000003,0.24301147000000003,-0.12234499999999926,-0.05437311,-0.05177694,0.45194256,0.10000000000000142,0.25,0.10000000000002274
0.26240451000000004,0.027174190000000004,0.8341375000000006,-0.04826446,-0.048111744000000005,0.4391144,0.10000000000000142,0.19999999999998863,0.19999999999987494
0.17573439999999999,0.16400281000000005,0.21643399999999957,-0.010390815,-0.046890013,0.42078844,0.10000000000000142,0.1499900000000025,0.20000000000010232
0.19201498,0.04165911,-0.36056874999999877,-0.002754999,-0.0139032908,0.41193090000000004,1.0040019999999998,0.18200500000000375,1.5064999999999031
0.3345897,0.031603462,-0.5137979999999995,-0.03910148,-0.036505304,0.39818642,-0.22600099999999657,0.4325049999999919,-0.7049999999999272
0.3608062,0.09888053000000001,0.7120340000000009,-0.029327638,-0.031007517,0.38719085,-0.030501000000001,0.3130000000000166,-0.3129999999999882
0.29783869,0.15873557,1.1525665000000007,-0.021691823,-0.067659435,0.37680613,0.2189999999999941,0.1654999999999518,0.08550000000002456
0.10283096000000001,0.250852485,0.7838600000000007,0.0042699501,-0.0493334765,0.38169305,0.12449999999999761,0.12200000000004252,0.02500000000009095
0.06524200000000001,0.0748188,-0.8843005000000002,0.035424079500000004,-0.0096272343,0.36428340000000003,-0.09099999999999397,0.08500000000000796,-0.09900000000010323
0.23618800000000004,-0.09169792500000001,-2.090379499999999,0.0009101927500000002,-0.00901636875,0.344124835,0.19999999999999574,0.19998999999998546,0.0
0.3004723,0.008379706,-0.14748499999999964,-0.028716772,-0.007183772999999998,0.33771075500000003,0.0,0.15001000000000886,0.0
0.24037786,0.24193409,1.5045140000000004,-0.015277737,0.005338964770000001,0.338932485,0.22000000000000597,0.26199499999995624,0.45249999999998636
0.23594859,0.090859956,0.7192160000000012,-0.007947354,-0.03589444,0.33954334,0.07899999999999352,0.05200500000009356,0.15450000000004138
0.41383777000000005,-0.014724341,-1.6330869999999997,-0.0061147586,-0.076822415,0.32305,0.10099999999999909,-0.04100000000005366,0.08499999999997954
0.5058948,-0.027892450000000003,-0.336625999999999,-0.034825426,-0.12141557,0.2980045,0.0,0.1769999999999925,0.007999999999981355
0.27617116,0.10821792,1.2040420000000012,-0.068423014,-0.115612354,0.292201295,0.20000000000000284,0.30000000000001137,0.10000000000002274
0.05518635000000001,0.16927006000000003,1.366848000000001,-0.02016466,-0.12935682,0.29067412,0.10000200000000348,0.04999499999999557,-0.05000000000001137
-0.18674773,-0.12964602,0.411562,-0.037268884,-0.06460511,0.30044797,0.09999799999999937,0.15000499999999306,-0.05000000000001137
-0.17884687,0.31256304,-2.704492,-0.064757824,-0.009016369,0.2980045,0.0,0.20000000000001705,0.10000000000002274
0.10139444,0.08595184000000002,0.12904499999999963,-0.039712347,0.021526894,0.29372847,0.0,0.19998999999998546,-0.4000000000000341
0.7004237,0.08176198600000001,1.2040420000000012,-0.07086647,-0.08659626,0.2967828,0.19999999999999574,0.10000999999999749,0.1500000000000341
0.8243236999999999,0.40306387,-0.564076,0.01954158,-0.1507371,0.30472404,0.10000000000000142,0.10000000000002274,0.14999999999997726
0.35960910000000007,-0.12401965,-0.32944399999999874,0.036645809,-0.182807525,0.289146975,0.10000000000000142,0.09999999999999432,0.10000000000002274
-0.1033098,0.06560113000000001,-0.060095999999999705,-0.015888601999999998,-0.1825021,0.25890914,0.0,0.09999999999999432,0.0
-0.4504690599999999,0.21619642000000006,0.36128300000000024,-0.0018387008,-0.08476366,0.25341135,0.20000100000000032,0.0,0.30000000000001137
-0.35793316000000003,0.08463503000000001,2.067151150000001,0.0247339365,0.0007574745000000008,0.25493851,0.3984989999999975,0.11700000000004707,0.450999999999965
-0.04082113800000001,0.06548142,0.8580795000000006,0.020152446,0.053902753,0.27418077,0.0015005000000023472,0.13299999999995293,-0.25099999999997635
0.32824504000000004,0.07589619000000002,-0.12234499999999926,0.017098121,0.04351804,0.29067412,0.10000050000000016,0.15000000000000568,0.0
0.42832270000000006,0.089543146,-1.1075599999999994,-0.0018387008,0.061233133,0.29739365,0.19999899999999826,0.09999999999999432,0.0
0.4225766,-0.024540567,-0.6478729999999988,-0.02016466,-0.0132924245,0.27418077,0.10000000000000142,0.09998999999999114,0.0
0.33650506,0.1804031,1.115456,-0.036047153,-0.054220397,0.24485923,0.20000100000000032,0.050004999999998745,0.0999999999999659
0.090500826,0.18890251000000002,0.6833030000000004,-0.0024495665,-0.05544213,0.2381397,0.1000009999999989,0.050004999999998745,0.10000000000002274
0.012808979500000001,0.026455930000000002,-1.3409940000000002,0.016487256000000002,-0.04872261,0.2240898,0.09999799999999937,0.10000000000002274,0.0
0.005985504400000001,-0.023104046000000003,-1.3709220000000002,-0.03543629,0.005033532,0.22225721,0.1999999999999993,0.19999999999998863,-0.19999999999998863
0.19225440000000002,0.20159178,2.1940440000000008,-0.029327638,0.014807375,0.22470067,0.05000049999999945,0.0,0.0999999999999659
0.36164417000000004,0.11300632,2.0934880000000007,-0.019553794,-0.052082367,0.215843125,0.050000500000003,0.09998999999999114,0.0
0.29352912999999997,0.1555034,-2.03651,-0.0006169714,-0.048111744000000005,0.21859202,0.14999999999999858,0.10000999999999749,0.0
0.24277205000000004,-0.08798690999999999,-1.454718999999999,-0.018332064,-0.06155078,0.19049221,0.04999899999999968,0.10000000000002274,0.0
0.1543063,0.30789435000000004,-0.18339799999999862,-0.05437311,-0.058496453,0.17460972,0.05000000000000071,0.09999999999999432,-0.10000000000007958
0.014484920000000002,0.23008277000000002,2.7076007000000004,-0.0061147586,-0.0010751202,0.18071838,0.05000000000000071,0.09999999999999432,-0.14999999999992042
0.039504328000000005,0.07266402,1.7247810000000001,0.014654659,-0.0245934325,0.1715554,0.0,0.09998999999999114,-0.14999999999997726
0.16244658,0.16783354,-0.7490284999999997,0.03236975,-0.024898864,0.16208698500000002,0.0,0.10000999999999749,-0.19999999999998863
0.17764976000000005,-0.20434512,-0.9327829999999988,0.014654659,0.019083433,0.14467733,0.0,0.0,0.0
0.23127987000000003,0.18662802,-0.6694212499999974,-0.04337754,0.003200936,0.12390791,0.09999999999999787,0.10000000000002274,0.0
0.32974143,0.09169792500000001,0.4774010000000004,-0.0122234113,-0.034367277,0.1116906,0.10000100000000245,0.0,0.0999999999999659
0.35374330000000004,0.092057055,2.8787860000000007,-0.021997254,-0.08109847,0.10680368,0.1000009999999989,0.0,0.0
0.31771057,0.21200657000000006,-2.089181999999999,-0.017721198,-0.13729808,0.073816955,0.1999980000000008,0.0,0.30000000000001137
0.06943185,-0.0581791,-1.588794,-0.017721198,-0.11042,0.047549754000000014,0.09999999999999787,0.05000000000003979,0.19999999999998863
-0.11935096,0.038067806,-0.6311129999999991,-0.038490616,-0.041392226,0.032888986,0.0,0.049999999999954525,0.0
-0.278864645,0.2859874,0.16136700000000026,-0.04459927,0.0071715602000000005,0.035637882,0.20000200000000135,0.0,0.20000000000004547
-0.13934253000000002,0.19608512,1.826534500000002,0.01465466035,0.0606222695,0.032583553,0.1999980000000008,0.0,0.0
0.20338743000000004,0.12940661,-0.30310799999999993,0.021068744500000004,0.0490158285,0.028002067,0.09999999999999787,0.0,0.0
0.24504653999999998,0.19393034,-1.585203,0.044892489500000014,0.06367659349999999,0.017617356,0.10000100000000245,0.0,0.0
0.19764135000000002,-0.17830817000000002,-0.07446149999999996,-0.005198460350000001,0.014807376499999999,-0.015369366499999999,0.0,0.0,0.0999999999999659
0.14784195,0.39492355500000004,-0.006226999999999094,-0.0177211975,0.010836752,-0.02514321,0.1000009999999989,0.0,0.10000000000002274
0.10737995,0.14951789000000001,2.040217,0.0244285035,-0.0074892058,-0.041025709,0.0,0.0,-0.10000000000002274
0.046806642,0.035194764,-0.1654409999999995,0.011600334,-0.026120596,-0.059962533,0.0,0.0,0.0
-0.030645782,0.12138602999999999,-2.8828604999999996,0.010378603,0.0044226665,-0.06668205,0.09999799999999937,0.0,0.0
-0.12246341999999999,-0.010953473350000003,0.3289609999999996,-0.0036712978,0.054513615,-0.08378628,0.0,0.0,0.0
-0.10905589,0.3605667700000001,0.6432000000000002,-0.0253570145,0.06001140350000001,-0.083480845,0.0,0.04999999999998295,0.10000000000002274
0.07266402,0.23642743,1.15137,0.046419654000000005,0.07222871,-0.087451465,0.0,-0.04999999999998295,0.0
0.25390508,-0.079128367,-0.5257690000000004,0.043365326,0.008087859000000001,-0.1008905,-0.09999799999999937,0.09999999999999432,-0.30000000000001137
0.19249382,0.051355624,-0.8992639999999987,-0.0018387017755,-0.014208723999999999,-0.1088317525,-0.1000009999999989,0.0,-0.19999999999998863
-0.029209262000000003,0.2148796,1.3249490000000002,0.007629710100000002,-0.010543531799999999,-0.12074362,-0.10000100000000245,0.09998999999999114,-0.19999999999998863
-0.21033063,-0.062608373,2.502896400000001,-0.0006169714,0.017250838,-0.12837943,-0.09999999999999787,0.0,-0.05000000000001137
-0.10785878999999998,0.19213469000000002,-0.9938349999999989,0.005797114149999999,0.01297478,-0.12960117,-0.10000000000000142,0.0,-0.1500000000000341
0.18650831,-0.15526398,-1.0764354999999988,0.0210687465,-0.026120596,-0.14212391,0.0,0.0,-0.049999999999954525
0.24169465,0.17262194,-0.6203397500000012,-0.047653593,-0.03222925,-0.14181848,0.0,0.0,0.049999999999954525
0.07793127,0.2657564,0.4618390000000012,-0.034825426,-0.047195446,-0.13815328,-0.09999799999999937,0.0,0.0
-0.22996306,0.10965444,-0.44795699999999883,-0.015888601999999998,-0.031007517,-0.15220319,-0.1000009999999989,0.0,0.0
-0.43957543000000004,0.14772223999999998,-0.6418869999999988,0.0018264893,0.042296313,-0.13815328,0.0,0.0,0.10000000000002274
-0.26635494,0.097264443,0.03746699999999947,0.00732427635,0.10857519,-0.14273477499999998,-0.10000100000000245,0.0,0.0
0.1411382,0.094930094,0.7802680000000013,0.018319853,0.066730924,-0.13937502,-0.09999999999999787,0.0,-0.10000000000002274
0.44556093,0.31890767000000003,0.6030975000000005,0.010378603,-0.034061845,-0.14609453,0.0,-0.09998999999999114,0.0
0.31842883,-0.0058657940000000006,0.7419609999999999,0.04580879,-0.023677135,-0.14426194,-0.10000000000000142,0.0,0.0
-0.08726865,0.07781156,-2.327404999999999,0.018014419,-0.0481117435,-0.1607553,-0.09999799999999937,-0.09999999999999432,0.0
-0.29245174,0.08750807,-0.8884899999999991,0.0048808157,-0.051166072,-0.18641163,0.0,0.04999999999998295,0.05000000000001137
-0.4211401000000001,0.058777654000000006,1.4422650000000008,-0.028716773,0.0203051625,-0.18641163,0.0,-0.04999999999998295,0.1500000000000341
-0.37972038,0.48470610000000003,0.06200749999999999,0.014654659,0.08200255,-0.16930741,0.0,0.0,0.0
-0.09301473500000002,-0.11899183,-1.2799420000000001,0.064745605,0.12659572,-0.16930741,0.0,0.0,0.0999999999999659
0.11839327999999999,-0.093613285,-1.3098694999999996,0.01954158,0.1039937,-0.16197702,-0.1000009999999989,-0.09999999999999432,0.05000000000001137
0.030166942000000002,0.20254946000000001,2.143766000000002,0.0018264893,0.12109793,-0.15770097,-0.10000100000000245,-0.10000000000002274,-0.05000000000001137
-0.1091756,0.12976574,2.3293167000000006,0.0192361495,0.11437841,-0.16014443,0.0,0.0,0.10000000000002274
-0.033518824,0.238462485,-2.226250500000001,0.038478404,0.097274184,-0.16991827,0.0,0.0,0.0
0.0020350715,-0.27174190000000004,-0.4659129999999987,0.04153273,0.11682187,-0.17908126,-0.1999999999999993,-0.10000999999999749,-0.10000000000002274
0.23989902000000002,0.23235726000000004,-1.397257999999999,-0.083694644,-0.018790213,-0.1870225,-0.09999799999999937,-0.04999499999999557,0.0
0.30897174000000005,0.39097314000000005,1.6266190000000016,-0.011612546,-0.0035185819,-0.18457904,-0.1000009999999989,-0.04999499999999557,-0.0999999999999659
0.21212628,0.07517793,-0.6766039999999993,-0.023829851000000003,-0.10492221,-0.19557461,-0.10000100000000245,-0.09999999999999432,0.0999999999999659
-0.21583729,0.09672575,-1.033339999999999,-0.009169085,-0.0401705,-0.19374202,0.0,0.0,0.10000000000002274
-0.4373009,-0.10319009,0.5947180000000003,-0.028105907000000003,-0.0029077162,-0.20351586,-0.09999999999999787,0.0,0.0
-0.43418846000000005,0.39588125,1.3093869999999992,-0.01619403525,0.0349659275,-0.187633365,0.0,-0.09999999999999432,0.0
-0.21045034,0.22649148000000002,1.6314070000000012,0.046419654000000005,0.081697115,-0.182135575,-0.10000000000000142,-0.10000000000002274,-0.10000000000002274
0.06296750300000001,-0.2184709,-3.7088599999999996,0.04580879,0.053291887,-0.17358346,-0.04999899999999968,-0.10000999999999749,-0.05000000000001137
0.15753847,0.0997185,-1.5289399999999986,-0.016499467,0.03252247,-0.16991827,-0.14999999999999858,-0.09998999999999114,0.05000000000001137
0.17585411,0.13730747000000001,0.8149840000000008,-0.032381963,0.041685447,-0.1870225,-0.10000100000000245,-0.09999999999999432,-0.0999999999999659
0.06404489000000001,0.33441012000000003,1.7032330000000009,0.003659085,-0.0065729078000000005,-0.18977139,-0.09999999999999787,-0.20000000000001705,0.19999999999998863
0.031124622000000005,0.15873557,-2.1693879999999996,0.044587057,-0.049333476,-0.20779192,0.0,-0.10000999999999749,0.0
0.06524200000000001,-0.18495208000000002,-0.7029389999999989,0.044587057,-0.05360953,-0.21267885,-0.10000000000000142,-0.19998999999998546,0.0999999999999659
0.033159694,0.29616275000000003,-0.2384649999999997,-0.015277737,-0.08354193,-0.21817663,-0.09999799999999937,-0.09999999999999432,0.0
-0.26096800000000003,0.26204537999999994,1.312978000000001,0.020457880300000002,-0.0099326665,-0.20259957,-0.1000009999999989,-0.10000000000002274,0.0
-0.49272671,0.026994624000000002,0.909555000000001,0.031148022000000008,0.0422963115,-0.214206005,0.1000009999999989,-0.19999999999998863,0.30000000000001137
-0.4485537,0.033877954,-1.290715999999998,0.028093694,0.09941221,-0.193131155,0.0,0.0,0.0
-0.16005238000000002,-0.006344634000000001,-1.651641999999999,-0.0097799497,0.13575869000000002,-0.18885510000000005,-0.1000009999999989,-0.09999999999999432,-0.0999999999999659
0.034476504000000005,0.17178397,1.287839,-0.030549368,0.14919773,-0.17480520000000002,-0.10000100000000245,0.0,-0.1500000000000341
0.15442601,0.2694674,0.6426020000000001,0.0073242765,0.11193495,-0.18213558,-0.09999999999999787,-0.09999999999999432,-0.05000000000001137
0.21404162999999998,0.039683891750000005,-1.4541210000000007,0.038783838,0.030689871,-0.19862895,-0.1999980000000008,0.0,-0.0999999999999659
0.07817068700000002,0.19578584000000002,-0.9255999999999993,0.026871964,0.005033532,-0.20534846,0.0,-0.10000000000002274,0.05000000000001137
-0.0037110128,0.12282255,0.8329410000000035,0.037256673,0.0044226665,-0.2169549,-0.20000200000000135,-0.10000999999999749,-0.1500000000000341
-0.11516110000000002,0.18567034000000002,0.6318280000000005,0.039700136,0.0019792058,-0.2151223,-0.09999999999999787,0.0,0.0
-0.15981296,0.17166426,-0.3156774999999996,0.06413475,-0.0093218018,-0.21756576,-0.10000000000000142,0.0,0.0
-0.30418332000000003,-0.13084313,0.009335000000000093,0.040921863,0.056957077,-0.20901366,-0.10000000000000142,0.0,-0.0999999999999659
-0.28862102000000006,-0.012090719,-0.7352609999999995,-0.019553794,0.09666332,-0.20107241,-0.10000000000000142,0.0,-0.10000000000002274
-0.0061052144000000004,0.2480393,1.0208860000000008,-6.105751e-06,0.11132409,-0.20534846,-0.19999799999999368,0.0,-0.19999999999998863
0.10007763300000001,-0.006703765499999999,1.554793,0.004269951,0.06459289,-0.19557461,0.0,0.0,0.0
0.045010993,0.149637605,-2.070029,-0.0177211985,0.05420818349999999,-0.20168327,-0.2000020000000049,0.0,-0.10000000000002274
0.033638534,0.09672574750000001,-1.8916609999999991,-0.018332064,-0.01023809925,-0.22123096,-0.29999999999999716,0.0,-0.39999999999997726
-0.19428947000000002,0.03890578,2.4502240000000013,-0.023218986,0.063676596,-0.2151223,-0.05000000000000426,0.0,-0.10000000000002274
-0.19931729,0.39929297999999996,0.39779500000000034,-0.011612546,0.032217034000000006,-0.21817663,-0.04999999999999716,-0.09998999999999114,0.0
0.015442601,0.021428105000000003,0.17812699999999992,0.034813214,0.023359489,-0.21756576,-0.14999849999999526,-0.05000000000001137,0.1500000000000341
0.032561144,-0.0062249243,0.24277000000000015,0.01587639,0.030689871,-0.20168327,-0.04999850000000805,-0.14999999999997726,0.14999999999997726
0.01328782,0.16005238000000002,-0.15346999999999866,0.0036590863,-0.0041294466,-0.21328971,0.0,-0.10000000000002274,0.0
-0.032800564,0.20159178,0.7216110000000011,0.0128220655,-0.0010751202,-0.2206201,-0.10000299999999385,0.0,-0.10000000000002274
-0.20027497,0.04441244000000001,1.0699664999999996,0.02748283,0.048404966,-0.213595145,-0.10000000000000142,-0.10000999999999749,0.10000000000002274
-0.1899799,0.11659763000000001,-1.476267,0.010378603,0.019083433,-0.21206798,0.0,0.0,0.0
-0.15705963,0.020590134,-0.6825890000000001,0.007935142,0.06306573,-0.20779192,-0.10000000000000142,-0.09998999999999114,-0.10000000000002274
-0.11887212000000001,0.2183512,1.6182390000000009,-0.0024495665,0.062760295,-0.205043025,-0.10000000000000142,-0.09999999999999432,-0.0999999999999659
0.02813187,0.23092074,1.3273434999999996,0.0259556675,0.056346212000000014,-0.21023538,-0.09999700000000189,-0.20000000000001705,-0.10000000000002274
0.09451111300000001,0.050637364,-2.0688320000000004,0.0342023475,0.022137759049999997,-0.21176255,-0.10000299999999385,0.0,0.0
0.046447513,-0.021787235000000002,-0.8729279999999999,0.0015210565,0.0096150219,-0.21817663,-0.10000000000000142,-0.10000999999999749,0.0
-0.12605472,0.21691468000000003,1.104682500000001,-0.017110333000000002,0.017250838,-0.21756576,0.0,-0.1499900000000025,0.10000000000002274
-0.20254946000000001,0.22218192000000003,0.7491440000000011,0.009767737,0.01297478,-0.2169549,0.0,-0.09999999999993747,0.0
-0.18962077500000002,0.15011644500000002,-0.16663899999999998,0.028093696,0.028551844,-0.21420601,0.0,-0.15000000000006253,0.0999999999999659
-0.18818425000000003,0.026455928500000003,-1.425390499999999,0.0091568725,0.074061305,-0.20259956,0.0,-0.10000999999999749,0.0
-0.1043872,0.16950948,0.08235850000000156,-0.0110016803,0.061538568499999995,-0.19129856,-0.10000000000000142,0.0,-0.2999999999999545
-0.06871359,0.081163436,3.246296,0.0048808157,0.08933294,-0.19007683,-0.10000000000000142,-0.09998999999999114,-0.05000000000001137
-0.033518824,0.49823337,-2.162205,-0.008558219,0.019083433,-0.17969212,0.0,-0.09999999999999432,-0.05000000000001137
0.040342298,0.15406688000000002,-2.0233419999999995,0.040310998,0.045961503,-0.17663779999999998,-0.09999700000000189,-0.09999999999999432,0.0
-0.04429273,-0.38833952,0.5611990000000002,-0.025662446,0.018472567,-0.17602693,0.0,-0.15000500000002148,0.0
-0.17753005000000002,0.5623979599999999,-0.07565899999999992,-0.060481764,0.02580295,-0.15647924,-0.10000299999999385,-0.1499949999999899,0.0
-0.1009156,0.17633295,0.9580375000000032,0.0302317235,0.0367985235,-0.169918275,-0.10000000000000142,-0.19999999999998863,0.0
-0.0022744916000000002,0.061052144,0.14819899999999997,0.0051862488,0.0254975175,-0.15678467,0.0,-0.10000000000002274,0.0
-0.0660799685,0.18746599,-1.2320580000000003,-0.008252787000000001,0.030079008,-0.13693155499999998,0.0,-0.10000999999999749,0.0
-0.04381389,0.145747025,0.4845839999999999,-0.0067256231000000005,0.034049632,-0.147316265,-0.05000000000000426,-0.09998999999999114,0.0
0.032920274,0.41252093,3.2157698000000012,0.0225959085,-0.0007696880000000001,-0.141207615,0.05000000000000426,-0.19999999999998863,0.10000000000002274
0.09528923,0.3369839,-1.339796999999999,0.064745605,-0.048111744000000005,-0.14548367,0.0,-0.05000000000001137,0.0
-0.015921440000000002,-0.12773066000000002,-1.527742,0.034813214,0.002590071,-0.14242934,-0.10000000000000142,-0.05000000000001137,-0.10000000000002274
-0.14867992000000002,0.5840655,-0.9651049999999994,-0.036047153,-0.0184847805,-0.14059675,0.0,-0.10000999999999749,0.0
-0.3603273600000001,0.18770541000000002,2.488531000000001,0.06169128,0.08505688,-0.12654684,-0.10000000000000142,-0.09998999999999114,-0.10000000000002274
-0.23798366,0.079487497,2.2108039999999995,0.0543609,0.08505688,-0.13632068,0.0,-0.09999999999999432,0.0
0.14317327,0.3787627,-2.1035474999999995,0.029926293,0.015418241,-0.1308229,0.0,-0.09999999999999432,0.0
0.32788591,0.18579005,-3.0205269999999995,0.062302146,0.002590071,-0.12410338,0.0,-0.10000000000002274,-0.0999999999999659
0.3156755,-0.13299791000000002,1.342906000000001,0.0137383621245,-0.038643331499999996,-0.12868486499999998,-0.09999700000000189,-0.10000999999999749,0.0999999999999659
0.11252748,0.55258174,1.0747550000000015,-0.0171103325,-0.085374525,-0.13265549,0.0,-0.04999499999999557,-0.0999999999999659
-0.25246856,0.2409764,1.360862000000001,0.05863696,-0.045668285,-0.13876414,0.0,-0.04999499999999557,-0.10000000000002274
-0.46579194,0.10079589,-0.4946450000000002,-0.001227837,0.013585646000000002,-0.13509895,0.0,0.0,-0.05000000000001137
-0.2682703,0.2409764,-2.293887,-0.007947354,0.038020257,-0.11249694,0.0,-0.05000000000001137,-0.049999999999954525
-0.06763620000000001,0.07134721,1.5631719999999998,0.014043793,0.1039937,-0.097836174,0.0,-0.04999999999998295,0.0
0.20949266,0.4996699,1.4099430000000002,-0.051318787000000005,0.08383515,-0.086229734,0.0,0.0,-0.10000000000002274
0.25139117000000005,0.64020953,1.7930160000000015,0.04580879,0.051153857,-0.08134282,-0.20000299999999527,-0.09999999999999432,-0.30000000000001137
0.31196449000000004,-0.12389994,-2.083197,0.117890894,-0.035283573,-0.10822088,0.0,0.0,0.0
0.18483237,-0.021547815,-3.6346390000000017,-0.0036712978,-0.12019384,-0.11310781,-0.10000000000000142,-0.10000000000002274,-0.0999999999999659
-0.060573303999999994,0.35098996,0.02848900000000043,-0.036047153,-0.094537504,-0.11127521,0.0,0.0,-0.10000000000002274
-0.2882619,0.37493198,2.8392815999999996,0.0030482206,-0.031007517,-0.1027231,0.0,-0.050004999999998745,0.0
-0.27401638,0.20374656000000005,2.8751946000000004,0.048863117000000005,0.01175305,-0.1008905,0.0,-0.1499949999999899,0.19999999999998863
-0.035194764,0.092416185,-1.9227849999999993,0.040921863,-0.007183773,-0.09356012,0.0,0.0,0.0
0.036631286000000006,0.10498575000000002,-2.961869,0.0054916814,0.1339261,-0.07340156,0.0,0.0,0.0
0.035434186,0.1650802,2.149153000000002,-0.060481764,0.047183234,-0.07401243,-0.10000000000000142,0.0,-0.19999999999998863
0.060573303999999994,0.7151480700000001,1.7140070000000005,-0.07392080000000001,0.03496593,-0.07645589,0.0,0.0,-0.10000000000002274
0.06368576000000001,0.26982653,1.5691579999999998,0.045197923,-0.017568482,-0.07706676,-0.09999700000000189,-0.09999999999999432,0.0
0.02861071,-0.1436521,-1.2583950000000002,0.0054916814,-0.012070695,-0.07706676,0.0,0.0,-0.0999999999999659
0.11085154,0.21176715000000002,-2.4770439999999994,-0.04948619,0.0001466102,-0.08073195,-0.10000299999999385,-0.09999999999999432,-0.10000000000002274
0.049440265000000004,0.40629600000000005,1.2435460000000003,-0.007947354,-0.00046425546,-0.06912551,0.0,-0.10000000000002274,0.10000000000002274
-0.016998832000000002,0.31878796000000004,2.0671516000000008,-0.009169085,-0.016957616000000002,-0.06790378,0.0,0.0,0.0
-0.09672575,0.23630772000000003,0.33734100000000034,0.009767737,-0.036505304,-0.07095811,0.0,0.0,-0.10000000000002274
-0.09672575,0.19752164000000003,-0.04453399999999874,-0.006725624,0.009920454,-0.059351668,0.0,-0.10000999999999749,-0.0999999999999659
0.080924016,0.40689460000000005,1.3357229999999998,-0.017110333000000002,0.023970354,-0.0446909,0.0,-0.09998999999999114,0.049999999999954525
0.2421735,0.33327289000000004,1.9426530000000009,-0.0024495665,-0.017568482,-0.04591263,0.0,0.0,-0.049999999999954525
0.25486276,0.32872388,-0.31747299999999967,0.014043793,-0.05360953,-0.045301765,-0.20000000000000284,-0.09999999999999432,-0.30000000000001137
0.033518824,0.18207904,-1.968873499999999,0.023206774,-0.03589444,-0.047134362,-0.10000000000000142,-0.09999999999999432,-0.10000000000002274
-0.15837643999999995,0.2861071,0.40437800000000124,0.0006047598999999999,-0.02306627,-0.048356093,0.0,0.0,0.0
-0.13120226,0.32752678,2.6561253500000017,0.001521057499999999,0.002590071,-0.047134362,0.0,-0.10000000000002274,0.10000000000002274
-0.05231331,0.28862102000000006,0.7132310000000004,0.037562105,0.028857276,-0.039803974,0.10000000000000142,0.0,0.0999999999999659
0.060573303999999994,0.08182183999999999,-1.6318899999999985,0.029009995,0.0129747805,-0.032473595,0.0,0.0,0.10000000000002274
0.10067618,0.14879963000000002,-0.659245499999999,-0.021386389,0.0004520424999999994,-0.03308446,0.0,-0.10000999999999749,0.10000000000002274
0.0047884032,0.40635588,1.3453,-0.028716773,0.009309589,-0.029419268,0.0,-0.09998999999999114,0.0999999999999659
-0.13658921,-0.30849290000000007,4.783373400000002,-0.016499467,0.058789674000000014,-0.030640999,0.0,0.0,0.0
0.15957354,0.620337655,-4.534858999999999,-0.07880773,-0.08476366,-0.043163735,0.0,0.0,-0.14999999999997726
0.22481554,-0.051954174,-3.7938539999999996,0.02381764,0.012363913999999998,-0.03674965,0.10000000000000142,0.0,0.0999999999999659
0.0997185,0.12389994,0.4809929999999998,-0.03910148,-0.06949203,-0.03797138,0.0,-0.09999999999999432,0.05000000000001137
0.08176198600000001,0.6642114200000001,0.9029710000000009,-0.041544943,-0.059718185,-0.041942005,-0.05000000000000426,0.0,0.0
-0.09660604,0.37816415000000003,0.6078860000000006,0.04153273,-0.02550973,-0.046523497,0.05000000000000426,-0.09999999999999432,0.05000000000001137
-0.20602105000000004,0.13658920000000002,-0.04333699999999929,0.05558263,-0.04383569,-0.03674965,0.10000000000000142,0.09999999999999432,0.14999999999997726
-0.11994951000000001,0.07793127,-0.8441979999999987,0.05130657,0.033133335,-0.036138788,0.0,0.0,0.0
0.14185646000000002,0.0098162265,1.7199930000000005,0.039394702,0.043823475,-0.030335566,0.10000299999999385,0.0,0.0
0.18938135,0.054946930000000005,0.9897609999999997,0.026871964,-0.005351177,-0.015980233,0.0,0.0,0.0
0.061890113000000004,-0.17477672,-0.7137130000000003,0.0067134127,-0.02184454,-0.02514321,0.0,0.0,0.0
-0.048003745,-0.009457096500000001,-1.0105950000000004,-0.051929653,-0.017568482,-0.029419268,-0.10000299999999385,0.0,-0.0999999999999659
-0.038067806,0.35673606,2.0515895000000013,-0.059260033499999996,-0.0181793465,-0.035527922,0.0,0.04999999999998295,-0.09999999999990905
-0.033877954,0.431135865,2.0264500000000005,-0.008863651399999999,0.004117233499999999,-0.0288084025,0.0,0.05000000000001137,-0.10000000000007958
-0.015682021,0.567006825,0.5803520000000013,0.08979108949999999,0.020610595,-0.026059508,0.0,0.0,0.0
0.027293899500000003,-0.25366566,-4.715621499999999,0.1185017575,-0.01573588745,-0.027281238500000003,0.0,0.0,0.0
-0.04321534000000001,-0.44208937000000015,-4.643794999999999,-0.014666872,0.15225205,-0.02392148,0.0,-0.09999999999999432,0.19999999999998863
-0.028969840000000004,0.419105,3.788583000000001,-0.035741724,-0.0016859858,-0.02392148,0.0,0.0,0.0
0.1553837,0.27102363,5.1305328,0.039700136,0.0392419835,-0.016591098500000002,0.0,0.0,0.0
0.253186835,-0.19189527,-1.4176089999999988,0.06596734,-0.03589444,-0.022699751,0.10000299999999385,0.0,0.30000000000001137
0.15693992,-0.26132711999999997,-4.168547,-0.021386389,-0.07498982,-0.038582247,-0.10000299999999385,0.0,0.0
0.05710171,0.11049241000000001,0.9119500000000009,-0.102631465,-0.042613957,-0.04896696,0.0,0.0,-0.10000000000002274
-0.038486792500000006,0.3892972,3.115812,-0.11240531699999999,-0.053304097,-0.0486615265,0.050001500000000476,0.0,0.10000000000002274
-0.09074024600000001,0.6527192250000002,0.4103640000000013,-0.007031056000000001,-0.038948765,-0.0422474385,-0.050001500000000476,0.0,0.0
-0.079128367,-0.18459295,-1.794694999999999,0.056193497,-0.016957616000000002,-0.038582247,0.0,-0.09999999999999432,0.0
-0.07781156,-0.09409212500000001,-3.2479759999999995,-0.029938504,-0.008405503,-0.032473594,0.0,0.0,0.0
-0.09516952000000001,0.244448,1.109471000000001,-0.02016466,0.028857276,-0.023310617,0.10000299999999385,0.0,0.0999999999999659
-0.020590134,0.09696517,2.322134,0.022595908,0.01297478,-0.011704176,0.0,-0.10000000000002274,0.0
0.08176198600000001,-0.05374983,-0.5987919999999995,0.011600334,0.007476993,-0.0037629278,0.0,0.0,0.10000000000002274
-0.024660277,-0.049200845,-2.330997,-0.023218986,-0.0041294466,-0.0013194662,0.09999700000000189,-0.10000999999999749,0.0
-0.083856915,0.009337386500000001,1.7439339999999994,-0.06414696,0.016334539500000002,-0.00987158,-0.09999700000000189,0.0,0.0
-0.022864626,0.37469256,1.0933100000000007,-0.077585995,0.01175305,-0.006817254,0.0,0.0,-0.10000000000002274
0.062907648,0.289459,0.5707760000000004,-0.0061147586,0.029468141,0.0011239946,0.0,0.0,0.10000000000002274
0.047345339,0.1316811,-1.5253479999999993,0.010684035500000001,0.027635547500000003,0.0017348601999999998,0.09999700000000189,-0.09998999999999114,-0.05000000000001137
-0.019273324,0.09385270500000001,0.1859080000000013,0.004880815649999999,0.049321262000000005,0.007843513,-0.09999700000000189,0.0,-0.14999999999997726
0.005985504400000001,0.21511903000000002,0.15538200000000124,0.0006047598999999999,0.03496593,0.01700649,0.0,0.0,0.0
0.0545878,0.2529474,0.07757050000000021,0.03786754,0.009309589,0.027391200000000004,0.0,-0.09999999999999432,0.0
0.0462080925,-0.122224,0.4355039999999999,0.0598586855,0.020916028,0.04938235,0.0,0.0,-0.05000000000001137
0.029029695500000004,-0.011611878,-0.3258529999999986,-0.0030604322,-0.0258151625,0.056101865999999986,-0.10000299999999385,0.0,0.05000000000001137
0.008619126000000001,0.1816002,0.14580500000000107,-0.025662446,-0.024898864,0.06587571,0.0,0.0,0.0
0.035673606000000004,0.20973208,0.6677400000000002,-0.031771097000000005,-0.028564058,0.08114734,0.0,0.0,0.0
0.06925228500000001,0.21865046999999996,0.6677400000000002,-0.0387960485,-0.0334509785,0.10313849,0.0,0.0,0.0
0.015442601,0.39600096,-0.7795539999999992,-0.037268884,-0.042613957,0.120242715,0.0,0.0,0.0999999999999659
0.033638534,0.23702598,-0.15586399999999934,0.0048808157,-0.027953193,0.13062742,0.0,0.0,0.0
-0.018435352999999998,0.35553896000000007,0.018912000000000262,-0.001227837,-0.0077946386,0.14712079,0.0,0.09999999999999432,0.0
-0.06212953300000001,0.22756886,0.30142800000000136,0.038478404,0.012363913999999998,0.17399886,0.0,0.0,0.0
0.05638345,0.17334020000000003,0.20326600000000106,0.035424078,0.014807376,0.18591073,0.0,0.09998999999999114,0.0
0.13982137,0.08906430600000001,-0.06608199999999975,0.009156872,0.017861702,0.19904433,0.0,0.10000999999999749,0.0
0.16807296000000005,0.25450363000000004,-0.6646319999999992,-6.105751e-06,-0.009016369,0.2137051,0.0,0.0,0.0
0.055066640000000014,0.096127195,0.6713320000000014,-0.028105907000000003,-0.029174923,0.215843125,0.10000299999999385,0.10000000000002274,0.0
0.026396073500000002,0.3393781,1.3656509999999997,-0.04337754,-0.031007517,0.21248336,0.0,0.0,0.10000000000002274
0.07200561999999999,0.38570590000000005,0.6701350000000001,-0.0061147586,-0.0081000708,0.22347894,0.09999700000000189,0.19999999999998863,0.0
0.07972691800000001,0.237564655,0.2104480000000013,0.011600334,0.02335949,0.24058317,0.10000000000000142,0.0,0.19999999999998863
0.11504139000000001,0.24672248000000005,-0.9046509999999994,-0.007641922,-0.0227608385,0.24791355,0.0,0.09998999999999114,0.0
0.21871033,0.2553416,-0.2618075000000015,0.0006047598999999999,-0.027953193,0.25646567,0.0,0.10000999999999749,0.0
0.21942859000000003,0.23139958,0.7072450000000003,-0.001227837,-0.0355890085,0.26929384,0.10000000000000142,0.10000000000002274,0.10000000000002274
0.14389153,0.22864625,0.13503099999999968,-0.006725624,-0.04200309,0.27998397500000005,0.0,0.09999999999999432,0.0
0.06452374,0.16340426,0.06799350000000004,-0.009474517,-0.07804414,0.291285,0.0,0.09999999999999432,-0.05000000000001137
-0.0272939,0.09947908,-0.14987900000000032,-0.032381963,-0.026731461,0.31083268,0.0,0.09998999999999114,0.05000000000001137
0.062728083,0.20638018,0.43550300000000064,-0.049791622999999986,-0.03589444,0.3157196,0.10000000000000142,0.20001000000002023,0.0
0.107739075,0.25695769500000004,1.093909,-0.044293835499999996,-0.0184847803,0.344735715,0.0,0.09999999999999432,0.0999999999999659
0.12210428999999999,0.20925324,-0.21691649999999996,-0.037268884,-0.031618383,0.35542586,0.19999999999999574,0.19998999999998546,0.10000000000002274
0.146166015,0.1459266,-0.7663859999999989,-0.0354362915,-0.023371702,0.36733772,0.0,0.10000999999999749,0.0
0.13132197,0.18279730000000002,-0.10079799999999928,-0.04001778,-0.014514156199999996,0.388412575,0.0,0.20000000000001705,0.0
0.12473791000000001,0.1590947,0.5779589999999999,-0.04826446,-0.056663856,0.39452124,0.10000000000000142,0.09999999999999432,0.05000000000001137
0.09301473500000002,0.181061505,0.797028000000001,-0.03787975,-0.0401704965,0.40979287,0.0,0.09998999999999114,0.049999999999954525
0.14221559,0.1411382,0.35529799999999945,-0.031160233499999995,-0.014514156,0.41895583,0.0,0.10000999999999749,0.0
0.20781670000000002,0.20961237000000002,-0.23606999999999978,-0.045821,-0.039559633,0.4213992999999999,0.10000000000000142,0.20000000000001705,0.0
0.28407204,0.21763294000000002,-0.17501799999999967,-0.045210134000000006,-0.03345098,0.42872968,0.10000000000000142,0.09999999999999432,0.0
0.2255338,0.26036944,0.5103225000000009,-0.047042727,-0.06338338,0.4299514,0.0,0.19999999999998863,0.0
0.15011643999999996,0.36954503000000005,0.112286000000001,-0.03299283,-0.10492221,0.42506447,0.1500015000000019,0.15000000000006253,0.10000000000002274
0.11528081,0.23738510000000002,0.45106600000000086,-0.005503893,-0.08537453,0.431784,0.0999984999999981,0.1999949999999444,0.0
0.16484078000000002,0.25222914,0.022503000000000384,0.007935142,-0.08903971,0.43606007,0.04999999999999716,0.15000499999999306,0.0
0.13718776,0.11959038,-0.30071399999999926,0.014654659,0.033744197000000004,0.4421687,0.10000000000000142,0.10000000000002274,0.10000000000002274
0.18279730000000002,0.07278373,0.5372570000000003,0.0036590863,-0.12080471,0.44400132,0.1500015000000019,0.2499949999999842,0.0
0.18100165000000001,0.11959038,1.1136610000000005,-0.005503893,-0.06643769999999999,0.442779575,0.05000149999999337,0.15000499999999306,0.0
0.12785037,0.045370123000000005,0.5264830000000007,-0.016499467,-0.035283573,0.45072082,0.09999700000000189,0.20000000000001705,0.0
0.132159935,0.12300211500000002,0.36188200000000137,-0.042766675,-0.078655008,0.447055635,0.10000000000000142,0.29999999999998295,0.0999999999999659
0.19524715,0.14449008000000002,-0.13910499999999892,-0.06414696,-0.08781799,0.4476665,0.10000000000000142,0.05000000000001137,0.10000000000002274
0.2336741,0.27557262000000005,0.9478625000000012,-0.067201283,-0.08965058,0.447666495,0.10000000000000142,0.15000000000000568,0.0
0.272939,0.310408245,-0.031366499999998965,-0.05437311,-0.048111744000000005,0.446139335,0.10000299999999385,0.09999999999999432,0.0999999999999659
0.29580362,0.31603463000000004,-0.3485979999999991,-0.031771097000000005,-0.09331577,0.43972525,0.24999700000000047,0.19999999999998863,0.5500000000000114
0.22768856999999998,0.26683378,-0.8609569999999991,0.0030482207500000004,-0.103089617,0.43483832,0.05000000000000426,0.10000000000002274,0.1500000000000341
0.17322049,0.28646624,0.24636100000000027,0.002437355,-0.11897211,0.42689708,0.29999999999999716,0.09999999999999432,0.5
0.15502456,0.2756923200000001,0.3421295000000004,0.024428505,-0.12049927949999999,0.4299514,0.2000020000000049,0.09999999999999432,0.0
0.08439561000000001,0.18734628,0.1146799999999999,0.029926293,-0.11164173,0.43117315,0.19999799999999368,0.19999999999998863,0.0999999999999659
0.050517654,0.13072342,-0.030168999999999002,0.01587639,-0.09392664,0.42201015,0.20000000000000284,0.20000000000001705,0.10000000000002274
0.025977088,0.136828635,0.27928149999999974,-0.0070310564,-0.067659433,0.42842424,0.1999999999999993,0.29999999999998295,0.0999999999999659
0.033758244,0.10558430000000002,0.6162660000000013,-0.029327638,0.018472567,0.43117315,0.25000100000000103,0.05000000000001137,0.10000000000002274
0.2136825,0.17393875000000003,0.4019849999999998,-0.04337754,-0.06765943,0.42750794,0.4249989999999997,0.19099999999997408,0.29899999999997817
0.23606830000000004,0.13395558999999999,0.4953580000000013,-0.04215581,-0.06277251,0.43667093,0.16400099999999895,0.19400000000001683,0.10400000000004184
0.14915876,0.19153614000000002,-0.4096499999999992,-0.047042727,-0.02550973,0.42872968,0.11199949999999959,0.069500000000005,0.09699999999997999
0.08942343600000001,0.25354595,-0.38211699999999915,-0.029938504,-0.0035185819,0.4299514,0.1490005000000032,0.09550000000001546,0.10000000000002274
-0.09600749,0.22625206000000003,0.17094400000000043,-0.014056006,0.0013683406,0.44339046,0.19999899999999826,0.09999999999999432,0.0999999999999659
0.010055647000000001,0.25629928,0.36487400000000036,0.0006047598999999999,-0.011459829,0.4513317,0.1999999999999993,0.19998999999998546,0.10000000000002274
0.10869676,0.09959879,0.0033500000000010743,0.017708987,0.055735346,0.45866206,0.20000200000000135,0.10000999999999749,0.0
0.18962077500000002,-0.0007781155,-0.5443234999999991,0.007018844799999999,0.0438234745,0.46751962,0.29999799999999865,0.30000000000001137,-0.30000000000001137
0.32561142000000004,0.09301473500000002,0.2595299999999998,-0.010390815,0.026413815,0.46293813,0.05000049999999945,0.09998999999999114,0.0
0.43933600000000006,0.16615760000000002,1.301007000000002,-0.015888601999999998,-0.045668285,0.46599245,0.050000500000003,0.20001000000002023,-0.39999999999997726
0.41515455,0.09648633000000001,0.630631000000001,-0.018332064,-0.06460511,0.45621863,0.0,0.09999999999999432,0.0
0.22110453,0.20027497,-0.3964819999999989,-0.04337754,-0.12569164,0.44888824,0.1000009999999989,0.09999999999999432,0.0
0.11516110500000001,0.17753005000000002,0.09911799999999893,-0.0290222055,-0.101867884,0.4421687,0.09999799999999937,0.1499949999999899,0.0999999999999659
0.12258313000000001,0.2610877,1.0268710000000016,-0.03421456,-0.113474324,0.44400132,0.1999999999999993,0.15000500000002148,0.0
0.09301473500000002,0.3772064700000001,-0.309094,-0.018332064,-0.11225259,0.45927295,0.05000049999999945,0.0,0.05000000000001137
0.05805939,0.15370775000000003,0.009335000000000093,0.023817638,-0.071324624,0.459578365,0.0,0.09999999999999432,-0.10000000000002274
0.062847793,0.15071499,-1.1141439999999978,0.010989468999999998,-0.060939915,0.46904677,0.1500015000000019,0.09999999999999432,0.05000000000001137
0.14437037,0.19907787,0.13982000000000028,-0.00855821975,-0.031618383,0.4739337000000001,0.09999799999999937,0.09998999999999114,0.10000000000002274
0.22984335,0.19907787000000002,0.8341375000000006,-0.01222341,-0.06032905,0.47698805,0.10000000000000142,0.20001000000002023,0.0
0.25007436000000005,0.21104888000000002,0.03686900000000115,-0.012528843,-0.0557475595,0.47698805,0.09999999999999787,0.09999999999999432,-0.10000000000002274
0.15131354,0.16555905,0.3361440000000009,-0.023829851000000003,-0.0982027,0.47149023,0.20000200000000135,0.09999999999999432,0.0
0.15466543,0.20506337000000002,-0.006226999999999094,-0.050097056,-0.094537504,0.4580512,0.09999799999999937,0.09998999999999114,-0.0999999999999659
0.21787236000000001,0.33423057000000006,0.6282360000000011,-0.051318787000000005,-0.0823202,0.45255342,0.10000000000000142,0.10000999999999749,0.0
0.24756045000000004,0.27629087,1.1166540000000005,-0.026884176,-0.091483176,0.44522303,0.3000019999999992,0.10000000000002274,0.0
0.22709002000000003,0.22182279000000002,0.1601700000000008,-0.007336489,-0.11103086,0.43972525,0.24999799999999794,0.14999999999997726,0.049999999999954525
0.15861586000000003,0.15382746000000003,-0.336625999999999,0.002437355,-0.12080471,0.43789265,0.2000015000000026,0.09999500000000694,0.10000000000002274
0.11420342000000001,0.12186487,-0.1546669999999999,-0.01222341,-0.12752423,0.4336166,0.2999984999999974,0.04999499999999557,0.10000000000002274
0.09816227,0.159274265,0.2607265000000005,-0.0253570135,-0.10125702,0.43208943,0.3500000000000014,0.10000999999999749,0.14999999999997726
0.09983821000000001,0.1411382,0.4774010000000004,-0.021997254,-0.10675481,0.43239486,0.14999999999999858,0.0,0.05000000000001137
0.0915183605,0.07529764,0.30980700000000105,-0.03299283,-0.10247875,0.43606007,0.25000200000000206,0.10000000000002274,0.05000000000001137
0.0869095205,0.13227965,-0.4054599999999997,-0.05742744,-0.114696056,0.4391144,0.1999980000000008,0.0,0.0999999999999659
0.08379706,0.16555905,0.4295170000000006,-0.06842302,-0.09759183,0.4391144,0.3500009999999989,0.0,0.0
0.0055066638000000005,0.30729580000000006,0.058417000000000385,-0.06109263,-0.091483176,0.43789265,0.19999899999999826,0.0,0.10000000000002274
-0.19333179,0.18638860000000002,-0.3210639999999998,-0.041544944,-0.031618383,0.4372818,0.2500005000000023,0.0,0.14999999999997726
-0.28658595000000003,0.07254431,-0.15227400000000024,-0.05070792,0.042296313,0.4299514,0.40000050000000087,0.0,0.1500000000000341
-0.0089782566,0.12665327,1.0951059999999995,-0.055594843,0.06612006,0.41529065,0.1000009999999989,0.0,0.0999999999999659
0.4010288,0.17405846000000003,0.3660709999999998,-0.045821,0.026413815,0.4036842,0.1999980000000008,-0.10000000000002274,0.10000000000002274
0.61650696,0.27150247000000005,-1.688153999999999,-0.036047153,-0.034061845,0.3615345,0.20000100000000032,0.0,0.0999999999999659
0.4724957,0.10977415,-0.591609,-0.045210134000000006,-0.085374525,0.32763147000000004,0.2999989999999997,0.0,0.10000000000002274
0.038786070000000006,0.19883845,1.0903170000000006,-0.08858156699999999,-0.047500877999999996,0.31510875000000005,0.09999999999999787,-0.10000999999999749,0.0
-0.29712043000000005,0.53402667,0.5779589999999999,-0.06353609,-0.046890013,0.3193848,0.10000100000000245,-0.04999499999999557,0.05000000000001137
-0.3280056200000001,0.23798366,0.25833300000000037,0.0012156237,0.019083433,0.29617193,0.1000009999999989,-0.04999499999999557,0.05000000000001137
0.06548142,0.15574282500000003,-1.270365,0.005797114200000001,0.058789674000000014,0.26379606,0.1999980000000008,-0.09999999999999432,-0.10000000000002274
0.4223372000000001,0.24372973500000003,-0.7316699999999994,-0.0048930272,0.049932128,0.25341135,0.09999999999999787,-0.09999999999999432,-0.10000000000002274
0.48722005,0.24648306,1.072360999999999,-0.006725624,0.013585646000000002,0.24485923,0.0,0.0,0.0
0.41706996,0.18962077,1.4051550000000006,0.017708987,-0.058496453,0.22714414,0.0,-0.10000000000002274,0.0
0.12761095,0.050876784,-0.5341489999999993,0.013432931,-0.09392664,0.21065077,0.10000100000000245,-0.10000999999999749,0.0
0.034237084,0.023702596000000003,-0.5281629999999993,-0.0036712978,-0.078655005,0.17277713,0.1000009999999989,0.0,-0.0999999999999659
-0.00023942017000000003,0.2184709,0.694077,-0.039712347,-0.04078136,0.14589906,0.09999799999999937,0.0,-0.10000000000002274
0.045968673,0.319865345,1.0166960000000014,-0.036963455,-0.032534681,0.143150155,0.0,-0.09998999999999114,0.0
0.08032546600000001,0.2409764,0.05602200000000046,-0.023829851000000003,-0.035283573,0.15261857,0.0,-0.09999999999999432,0.0
0.08511387,0.20649989000000002,-0.9411629999999995,-0.0216918215,-0.0383379,0.16178155,0.10000000000000142,0.0,-0.0999999999999659
0.0448314265,0.14903905000000003,-0.21990949999999998,-0.018637496500000003,-0.045057417,0.15933809,0.09999999999999787,0.0,0.0
0.043574470500000004,0.230980615,0.03447500000000048,-0.006725624,-0.049944338500000005,0.15811636,0.0,-0.09999999999999432,0.0999999999999659
0.08714894000000001,0.14053963,0.25593800000000044,0.017708987,-0.0325346815,0.15994896,0.20000200000000135,-0.10000000000002274,0.0
0.07218518,0.11204864000000002,-0.279166,0.017098121,-0.04078136,0.15994896,0.04999899999999968,0.0,0.05000000000001137
0.06703765,0.10271125000000002,-0.34021800000000013,0.014043794750000001,-0.0261205965,0.15414573999999998,0.04999899999999968,-0.10000999999999749,0.05000000000001137
0.058897364,0.050876784,0.32177900000000115,0.0054916814,-0.04200309,0.15078598,0.0,0.0,0.0
0.09181763500000001,0.1079785,0.3708600000000004,-0.009169085,-0.042613957,0.14040127,0.10000000000000142,0.0,0.0
0.0700304,0.15424645000000003,-0.02178900000000006,-0.011917978,-0.0386433335,0.13704151,0.20000100000000032,0.0,0.0
0.006823475,0.19572599000000002,0.0859494999999999,-0.0229135525,-0.0068783395,0.13673607000000002,0.1000009999999989,0.0,0.05000000000001137
-0.032800564,0.30214825000000006,-0.011014999999998665,-0.014056006,0.0056443973,0.13551435,0.09999799999999937,0.0,-0.05000000000001137
-0.013766660000000007,0.2895787,0.023699999999999832,0.0018264893,0.014196511,0.13184915,0.0,-0.09998999999999114,0.0
0.060333884000000004,0.31453824,-0.17621600000000015,0.0128220655,0.028857276,0.12512964,0.10000000000000142,0.0,0.0
0.1246182,0.07721301,0.2738945000000008,0.047641385,0.0380202535,0.11902098,0.0,0.0,0.0999999999999659
0.1127669,0.0487220035,0.08714699999999986,0.043365326,0.022748623,0.11291233,0.09999999999999787,0.0,0.0
0.093732995,0.08271966600000001,0.18949900000000142,0.046419654000000005,0.013585645,0.10191676,0.0,-0.09999999999999432,0.0
0.12557588,0.07577648000000001,0.24995299999999965,0.043365326,-0.007183773,0.08786686,0.10000100000000245,0.0,0.0
0.13503298,0.16663644,0.22361599999999981,0.030537155,0.0019792058,0.06587571,0.0,0.0,0.0
0.13275848999999995,0.31806970000000007,0.39121000000000095,0.029315427,-0.011459829,0.056101865999999986,0.1000009999999989,0.0,0.0
0.15454572,0.15753847,-0.5503089999999986,0.036645807,-0.024898864,0.04693889,0.0,0.09999999999999432,0.0
0.12497733,0.16352397000000002,-2.2436089999999993,-0.01222341,-0.06460511,0.04938235,0.09999799999999937,0.0,0.0
0.060812724,0.24791958,0.9622270000000004,-0.03421456,-0.027953193,0.034721583,0.0,0.0,0.0
0.07350199,0.37361517000000005,2.894347999999999,-0.02016466,-0.027342327000000003,0.038386777,0.05000000000000071,0.0,0.0
0.043574470000000004,0.4984728,2.760272999999999,0.04825225,-0.036505304,0.04693889,0.05000000000000071,0.0,-0.049999999999954525
0.0022744916000000002,0.12090719000000001,-1.5169680000000003,0.1142257,-0.020011944230000002,0.0356378815,0.09999999999999787,0.0,-0.05000000000001137
0.09947908,-0.27437550000000005,-5.035247,0.024428505,-0.06888116,0.028612932,0.0,0.09998999999999114,-0.10000000000002274
-0.0015562311000000002,0.33243492,0.19847700000000046,-0.027495041,0.040463716,0.032888986,0.0,0.0,0.0
-0.03190273800000001,0.4027047000000001,3.4270583000000006,-0.018026631,-0.0022968515000000005,0.026474902,0.10000100000000245,0.10000999999999749,-0.0999999999999659
-0.048482585,0.3965995,1.615844000000001,0.051917438499999996,-0.0065729077,0.0408302365,0.0,0.0,0.0
-0.064404025,-0.21356280000000002,-2.512955999999999,0.0702434,0.01633453825,0.037470475,0.19999899999999826,0.0,0.0999999999999659
0.024660277,-0.030526072,-2.442326999999999,-0.0253570135,0.0349659285,0.0203662495,0.0,0.10000000000002274,-0.0999999999999659
0.09600749,0.34051534000000006,1.5344420000000003,-0.033909127000000004,0.0389365525,0.0203662495,0.10000000000000142,0.0,0.0
0.08367735000000001,0.23726540000000004,2.5052906000000004,-0.0024495665,0.08811121,0.020060817,0.0,0.0,0.0
0.060333884000000004,0.2349909,-0.38810199999999995,0.025039367000000003,0.005033532,0.017617356,0.0,0.09999999999999432,0.0
0.059735334,0.023343466,-1.373315999999999,0.016487256000000002,-0.034061845,0.016395627,0.0,0.0,0.0
0.06619968000000001,0.20087352,0.17812699999999992,-0.026273312000000004,0.014196511,0.012730435,0.0,0.0,0.0
0.10235212,0.27257986,1.1405960000000004,-0.014666872,-0.0035185819,0.016395627,0.0,0.0,-0.05000000000001137
0.13215994,0.19393034,0.44627700000000026,0.01587639,-0.021844539300000004,0.0225042795,0.0,0.0,0.05000000000001137
0.11372458000000002,0.078769237,-1.3816959999999998,0.022595908,0.002590071,0.023726007,0.0,0.0,0.0
0.11085154,0.12162545000000001,-0.5928059999999995,-0.0048930272,-0.012070695,0.022198847,0.0,0.0,0.0
0.08762778,0.24384944000000003,0.5444399999999998,-0.014666872,-0.027953193,0.02250428,0.0,0.0,0.0999999999999659
0.06859388000000001,0.23965960000000003,0.8904010000000007,-0.0006169714,-0.026120596,0.02250428,0.0,-0.049999999999954525,0.05000000000001137
0.04261679,0.15885528000000002,-0.26480049999999977,-0.005503893,-0.024288,0.020060817,0.0,-0.05000000000003979,0.05000000000001137
0.035673606000000004,0.14832079,-0.3557799999999993,-0.016499467,-0.0108489645,0.0185336535,0.0,-0.10000000000002274,0.14999999999997726
0.037349546000000004,0.21392193000000004,0.3289615000000019,-0.021386389500000002,-0.0175684825,0.017617356,0.0,0.0,-0.05000000000001137
0.06835445999999999,0.21009120000000003,0.43071500000000107,-0.0061147586,-0.018790213,0.01456303,0.0,0.0,0.10000000000002274
0.04225766,0.17375918499999998,-0.18818599999999996,0.0009101918,-0.0218445385,0.013952164,0.09999999999999787,-0.10000999999999749,0.30000000000001137
0.022864626,0.16292542,-0.24804150000000114,0.004269951,-0.014208723999999999,0.012119568999999998,0.10000100000000245,0.0,0.0999999999999659
0.02885013,0.13072342,0.13982000000000028,-0.0048930272,-0.011459829,0.006010916,0.05000049999999945,-0.09998999999999114,0.05000000000001137
0.06751649000000001,0.17208324500000002,0.42293350000000096,-0.011612546,-0.0019914182999999997,0.0017348601999999998,0.05000049999999945,0.0,0.1500000000000341
0.082001406,0.148620065,0.33015850000000135,-0.0048930278755,-0.00779463815,-9.7735785e-05,0.09999799999999937,-0.09999999999999432,0.2999999999999545
0.07158663000000001,0.13311762,-0.4802780000000002,-0.010390815,-0.010848964499999999,-0.0062063886,0.0,0.0,0.10000000000002274
0.05793968000000001,0.14544775000000001,0.012927000000001243,-0.011612546,-0.018179348,-0.00987158,0.14999999999999858,-0.09999999999999432,0.14999999999997726
0.04321534000000001,0.15275006000000002,0.5145119999999999,-0.015888601999999998,-0.014514156,-0.007428119,0.05000000000000071,0.0,0.25
0.024899697000000002,0.18315643,0.09193600000000046,-0.0042821635,-0.012070695,-0.0037629278,0.0,-0.10000000000002274,0.20000000000004547
-0.0027533319000000002,0.15622166000000004,-0.05291399999999946,0.0054916814,-0.012681561,-0.0031520622,0.10000100000000245,0.0,0.049999999999954525
-0.0058657940000000006,0.12378023,-0.1786089999999998,0.006102546349999999,0.0056443973,-0.0025411965,0.1000009999999989,0.0,0.05000000000001137
0.054946930000000005,0.13587095000000002,-0.03495700000000035,0.002437355,0.01297478,0.0011239946,0.09999799999999937,0.0,0.10000000000002274
0.090620536,0.13443443000000002,0.18650599999999962,-6.105751e-06,-0.00046425546,0.0011239946,0.10000000000000142,-0.10000999999999749,0.30000000000001137
0.09301473500000002,0.12880806,-0.1486819999999991,-6.105751e-06,-0.0059620426,-0.0013194662,0.0,0.10000999999999749,0.0
0.05626374,0.18746599,0.09552600000000133,-0.0024495665,-0.008405503,-0.006817254,0.04999999999999716,0.0,0.0999999999999659
0.04261679,0.18602947000000003,0.010532500000000056,0.0051862488,-0.0102380995,-0.0101770125,0.05000000000000071,0.0,0.10000000000002274
0.04459200600000002,0.1389834,0.02489800000000031,0.00915687345,-0.01604132,-0.009566146999999999,0.10000100000000245,0.0,0.19999999999998863
0.032920274,0.17154455000000002,-0.26839199999999863,0.00426995,-0.017568482,-0.006817254,0.1000009999999989,0.0,0.10000000000002274
0.001436521,0.17824832000000002,0.12425700000000006,0.013432931,0.0053389647000000005,-0.0013194662,0.0,0.0,0.0
-0.004309563000000001,0.17812861000000002,0.17453500000000055,0.0128220655,-0.004740312,0.0011239946,0.09999799999999937,0.10000000000002274,0.0
0.008858546600000001,0.09445125500000001,0.46423400000000115,0.014654659,0.016029106,0.009676108,0.10000000000000142,-0.10000000000002274,0.19999999999998863
0.038187516000000005,0.09145850500000001,0.25354399999999977,-0.00977995,0.0044226665,0.010897838,0.09999999999999787,0.05000000000001137,0.25
0.046806642,0.177769475,-0.10797999999999952,-0.026884176,0.012363913999999998,0.013952164,0.10000100000000245,0.05000000000001137,0.0999999999999659
0.04381389,0.19823990000000002,0.27509150000000027,-0.035436289999999995,0.01572367325,0.00937067525,0.1000009999999989,-0.10000000000002274,0.05000000000001137
0.04261679,0.30561984000000003,-0.11276900000000012,-0.03543629,0.009920454,0.0072326474,0.0,0.0,0.4000000000000341
0.063386487,0.30202854,0.04764199999999974,-0.01100168,0.0367985235,0.0054000513,0.0,-0.050004999999998745,0.0999999999999659
0.048482585,0.23080105,0.22241900000000037,0.0039645181500000005,-0.0187902128,0.0008185617799999999,0.0,-0.050004999999998745,0.10000000000002274
0.07110779,0.26569654,-0.08523600000000009,0.0149600935,0.0374093895,-0.001624899,0.0,0.0,-0.10000000000002274
0.05159504400000001,0.20518308000000005,0.4845839999999999,0.026871964,0.06489833,-0.007428119,0.0,-0.04999499999999557,0.05000000000001137
0.060573303999999994,0.15179238000000003,0.3361440000000009,0.013432931,0.02213776,-0.013536772,0.0,-0.04999499999999557,0.05000000000001137
0.06955156,0.2087744,-0.4778849999999988,0.002437355,0.047183234,-0.019034559,0.0,-0.05000000000001137,0.0
0.018076223,0.14305356000000002,0.6689380000000007,-0.005503893,0.021526894,-0.018423693,0.0,-0.04999999999998295,0.0999999999999659
0.08487445,0.1816002,-0.08284100000000016,-0.020775525,-0.0041294466,-0.015980233,-0.1000009999999989,-0.09999999999999432,0.0
0.026934770000000004,0.23834279000000003,-0.09720699999999916,-0.013445142,0.018472567,-0.01231504,0.0,-0.10000000000002274,0.10000000000002274
0.11049241000000001,0.19321208,-0.17022899999999908,-0.013445142,-0.016957616000000002,-0.008649849,-0.050000500000003,-0.050004999999998745,0.10000000000002274
0.026934770000000004,0.23606830000000004,0.2954420000000013,-0.007947354,-0.008405503,-0.007428119,-0.10000050000000016,-0.050004999999998745,-0.10000000000002274
0.07146691999999999,0.30310593,-0.7388529999999989,0.010378603,0.0758939,-0.00987158,-0.04999999999999716,-0.09998999999999114,-0.10000000000002274
0.16148890000000002,0.09900024,0.0021529999999998495,0.03786754,-0.015125021,-0.0019303318,0.0,-0.09999999999999432,0.0
0.080205756,0.0641646,0.9406800000000004,0.016487256000000002,0.08016995,0.004178321,-0.10000000000000142,0.0,0.10000000000002274
-0.011252748,0.14496891,0.06200749999999999,0.0048808157,0.053291887,-9.7735785e-05,-0.04999899999999968,-0.049999999999954525,-0.19999999999998863
0.08655039000000002,0.28742392000000005,-0.3234589999999997,-0.011612546,-0.054220397,-0.0141476365,-0.04999899999999968,-0.05000000000003979,0.0
0.082599958,0.31555579,-0.07865149999999943,0.013738361999999999,-0.051166069,-0.0068172538,0.0,-0.10000000000002274,0.0
0.021248540100000005,-0.06290765200000001,1.1364055000000004,0.0146546605,0.099106785,0.006010916999999999,0.09999799999999937,-0.10000999999999749,0.0999999999999659
0.07972691700000001,0.20374656000000005,0.0536285000000003,-0.018332064,0.061844,-0.007428119,0.0,0.0,0.05000000000001137
0.0225054965,0.32549171000000005,0.09492800000000123,-0.010390815,0.071006976,-0.0004031686125,0.0,-0.09998999999999114,0.05000000000001137
-0.016879122,0.05219359700000001,0.6126740000000002,0.0054916814,-0.0383379,-0.0013194662,0.0,0.0,0.10000000000002274
0.06655881,0.14089875999999998,-0.20135400000000025,-0.003365864,-0.07071376,-0.008955281499999999,0.0,-0.09999999999999432,0.0
0.16663644,0.19069817,-0.3114879999999989,0.0006047598999999999,0.005033532,0.00051312894,0.0,0.0,-0.20000000000004547
0.05662286999999999,0.07386111999999999,1.2303789999999992,-0.0048930272,0.08444601,-9.7735785e-05,-0.09999799999999937,0.0,-0.049999999999954525
0.014006080000000002,0.26132711999999997,-0.28754599999999897,-0.023829851000000003,0.035576794,-0.01109331,0.0,-0.09999999999999432,-0.05000000000001137
0.06009446400000001,0.032441434000000005,-0.3689479999999996,0.006102547,-0.057885587,-0.007428119,0.0,0.0,0.0
0.058538234,0.029568392,0.2284050000000004,-0.012834276,0.02213776,-0.0031520622,-0.1000009999999989,0.09999999999999432,-0.05000000000001137
0.001436521,0.24319104000000002,-0.20374799999999915,-0.012528843,-0.064299674,-0.0077335519999999994,0.0,-0.09999999999999432,-0.05000000000001137
0.062608373,-0.0038307227,0.312202000000001,0.0018264893,0.124763116,-0.0062063886,0.0,0.05000000000003979,0.0
-0.026934770000000004,0.020111294000000002,-0.10199499999999873,-0.012834276,-0.012681561,-0.0141476365,0.0,-0.05000000000003979,0.0
0.07553706,0.175614695,-0.4563360000000003,-0.013139708500000001,-0.034367274,-0.0196454235,0.0,0.09999999999999432,0.0
0.13012487,0.1002571975,0.03746749999999999,-0.00428216255,0.0401582825,-0.0199508565,0.0,0.0,0.0
0.10402806,0.17597382500000006,-0.002634999999999721,-0.0021441346,-0.0184847825,-0.0184236935,0.0,0.0,0.0
0.019991584000000003,0.061291564,0.13982000000000028,0.00549168135,0.0151128079,-0.015980233,-0.10000100000000245,0.0,0.10000000000002274
-0.005746084,0.079248077,-0.16783599999999943,-0.008558219,0.0013683406,-0.02392148,0.0,0.09999999999999432,0.0
0.02813187,0.157119485,-0.1331199999999999,-0.01100168,0.02213776,-0.027586672000000003,0.0,0.0,0.0
0.08966285600000001,0.1541866,0.19847700000000046,-0.0042821635,0.0001466102,-0.02392148,0.0,0.0,0.0999999999999659
0.11384428999999999,0.19500773000000002,-0.03974599999999917,-0.0030604322,-0.00046425546,-0.015369367,0.0,0.0,0.10000000000002274
0.0260968,0.16915035,0.4977530000000012,-0.001227837,-0.009627234,-0.009260714,0.05000049999999945,0.0,-0.05000000000001137
0.013766660000000007,0.17926585500000003,0.37744400000000056,-0.00397672975,-0.021233674,-0.011704176,0.0,0.0,-0.05000000000001137
0.040102878,0.1537676,-0.1780115000000002,-0.0015332688999999998,0.027635546,-0.011704176,-0.05000049999999945,0.0,0.10000000000002274
0.0808043085,0.14562731000000004,0.2744925000000009,-0.0021441346,-0.007183773,-0.01231504,0.05000049999999945,0.0,0.10000000000002274
0.13192051000000002,0.13395558999999999,-0.3946860000000001,-0.001227837,-0.012681561,-0.00987158,-0.05000049999999945,0.0,0.0999999999999659
0.039863457500000005,0.14053964000000002,0.36367800000000017,-0.0036712978,0.03985285,-0.0068172538,0.0,0.0,0.0
0.06045359150000001,0.117076465,0.1877040000000001,-0.0018387008,-0.0077946386,-0.0092607145,0.0,0.0,-0.05000000000001137
0.014604631000000002,0.12521675000000002,-0.26360399999999906,-0.0061147586,0.061844,-0.008649849,0.05000049999999945,0.0,0.1500000000000341
0.02908955,0.1271321,-0.26599799999999973,-0.0006169714,-0.028564058,-0.0062063886,0.050000500000003,0.0,0.0
0.037110126,0.13275848999999995,-0.08164449999999945,-0.0006169714,0.07650477,-0.007428119,-0.050000500000003,0.0,0.0
0.041299978,0.10881647000000001,0.4259269999999997,-6.105751e-06,-0.0383379,-0.0062063886,0.050000500000003,0.0,-0.10000000000002274
0.041299978,0.13132197,0.23917800000000078,-0.006725624,-0.0010751202,-0.0037629278,0.0,0.0,-0.0999999999999659
0.022266077000000002,0.16555905,-0.3174735000000002,-0.00397672975,0.046266935499999995,0.0005131294075000001,0.0,0.0,-0.10000000000002274
0.02621651,0.17836803,0.5845425000000013,-0.005809325600000001,-0.046584583,-0.0010140337925,-0.10000100000000245,0.0,-0.10000000000002274
0.10151415,0.14927847000000002,-0.4138397499999993,-0.0036712977,0.0566516435,-0.0007086009924999999,0.20000200000000135,-0.09999999999999432,0.4000000000000341
0.022026655000000003,0.14736311000000002,0.8724450000000008,-0.0061147586,-0.10064615,-0.00070860144,0.0,0.0,0.0
0.14867992000000002,0.16376339,-0.9495419999999992,-0.005503893,0.0019792058,-0.0025411965,-0.1000009999999989,0.0,0.0
0.08068459450000001,0.13994109,0.5498265,-0.0030604322,-0.007183773,0.0011239946,0.0,0.0,-0.10000000000002274
0.09852140000000001,0.14760253,-0.2719839999999998,-0.005503893,0.017861702,-0.0031520622,0.0,0.09999999999999432,-0.0999999999999659
-0.015921440000000002,0.15574282,0.25354399999999977,-0.0070310565000000005,-0.039559633,0.0011239946,0.0,0.0,-0.10000000000002274
0.06823475,0.14556746,-0.5161920000000002,-0.006725624,0.053902753,-0.0019303318,0.0,0.04999499999999557,-0.10000000000002274
0.02681506,0.15179238000000003,0.8508969999999998,-0.00183870185,0.0062552599999999995,0.00295659015,0.0,0.04999499999999557,0.0
0.06763620000000001,0.17764976000000005,-0.5245719999999992,-0.0048930272,0.09788505,0.002345725,0.0,0.0,-0.0999999999999659
0.061530983,0.14556746,0.27389500000000133,-0.0042821635,-0.052998665999999986,0.0072326474,0.1000009999999989,-0.09998999999999114,0.30000000000001137
0.024420857000000004,0.16747441000000005,-0.2145229999999998,-0.00244956745,-0.08690168949999999,0.004178321,-0.1000009999999989,0.0,-0.10000000000002274
0.11456255,0.15059528,-0.10319199999999995,-0.005503893399999999,0.07345044225,0.00417832095,0.0,0.0,0.0
-0.004309563000000001,0.1376666,0.42233500000000035,-0.0036712978,0.022748623,0.0011239946,-0.050000500000003,0.0,0.0
0.09864111,0.15885528000000002,-0.5880179999999999,-0.0048930272,-0.04872261,0.0035674553000000007,0.0,0.0,0.05000000000001137
-0.0207098442,0.13275848999999995,0.32537000000000127,-0.0012278361499999998,-0.078655005,-0.0004031686125,0.050000500000003,-0.09999999999999432,0.05000000000001137
0.14341269,0.16316483999999998,-0.7304729999999999,-0.0042821635,-0.07315722,0.002345725,-0.20000100000000032,0.09999999999999432,-0.4000000000000341
-0.009038111,0.14041992,0.6126740000000002,-0.0030604322,0.07039611,0.0029565897,0.0,0.0,0.10000000000002274
0.12629414000000003,0.14532804,-0.678996999999999,-0.0036712978,-0.07987673599999999,0.006010916,0.09999999999999787,0.0,0.0
0.017118542,0.15634137,0.6066890000000011,-0.0006169714,0.08444601,0.0029565897,0.0,0.0,0.0
0.070509243,0.15131354,-0.35099199999999975,-0.0048930272,-0.07804414,0.004178321,0.0,0.0,0.0999999999999659
0.0010773894999999978,0.16196774000000003,0.8203715000000003,-0.00031153860000000013,0.0908600975,0.0069272145,0.0,-0.09999999999999432,0.0
0.059974754,0.18878280000000003,0.34572100000000106,-0.006725624,-0.05360953,0.006010916,0.0,0.0,0.10000000000002274
0.023582886,0.15107412,-0.056505999999998835,-0.0006169714,0.034355063,0.006010916,0.20000200000000135,-0.09999999999999432,0.30000000000001137
0.07745243000000002,0.16747441000000005,0.25833300000000037,-0.006725624,-0.031618383,0.004178321,0.0,0.0,0.05000000000001137
0.013886370000000002,0.16879122000000002,-0.11037499999999945,-0.0018387008,0.008087859000000001,0.0029565897,0.09999799999999937,0.0,0.049999999999954525
0.13491327,0.16783354,-0.9627109999999988,-6.105751e-06,0.0032009361,0.0011239946,0.0,0.0,0.0
0.004070143,0.17142484000000002,0.3816330000000008,-0.0048930272,-0.032840114,0.0011239946,0.0,0.0,0.10000000000002274
0.09983821000000001,0.13599066,-0.49344699999999975,-0.0048930272,-0.1226373,-0.0019303318,0.0,0.0,0.10000000000002274
-0.049200845,0.1816002,0.7623115000000009,-0.005503893,0.089943804,-0.0013194662,0.10000000000000142,0.0,0.0999999999999659
0.060214174,0.14676456000000002,-0.27318,-0.0006169714,-0.072546355,-0.00345749455,0.0,-0.10000000000002274,0.0
0.04417302000000001,0.17537527500000002,0.3780429999999999,-0.0042821635,0.04473977,-0.00101403382,0.09999999999999787,0.0,0.10000000000002274
0.006943185000000001,0.1697489,-0.057702499999999546,-6.105751e-06,-0.015735887,-0.0043737926,0.05000049999999945,-0.050004999999998745,0.15000000000009095
0.1091756,0.16531962,-0.6658289999999987,-0.0024495665,-0.036505304,-0.0019303318,0.1500015000000019,-0.19999500000000126,0.4999999999998863
-0.019752164000000003,0.15957354,0.5516220000000001,-0.0024495665,0.10277197,-0.0043737926,0.0,-0.04999999999998295,0.05000000000001137
0.12012906500000003,0.15502456,-0.6640339999999991,-0.0036712978,0.094219858,-0.005595523000000001,0.0,0.0,0.10000000000002274
0.029209262000000003,0.14987702,1.2160130000000002,-0.007947354,-0.013903292,-0.00987158,0.0,-0.09999999999999432,0.0
-0.017238252000000003,0.15586253000000003,0.40677300000000116,-0.0036712978,0.092998125,-0.007428119,0.0,0.0,0.0
0.11791444000000001,0.14873978499999999,-0.4072560000000003,-0.005503893399999999,-0.103089615,-0.006511821000000001,-0.1000009999999989,0.09999999999999432,-0.20000000000004547
0.038666360000000004,0.13670891999999998,0.6318280000000005,-0.0048930274,0.069785245,-0.009260714,0.0,0.0,0.0
0.021547815,0.13682863,0.3205819999999999,-6.105751e-06,0.016639972,-0.01231504,-0.10000100000000245,-0.049999999999954525,-0.2999999999999545
0.13138181499999999,0.18734628,-0.41683300000000045,-0.010085382,0.058484245,-0.009260714,0.0,-0.05000000000003979,0.0
0.012210429000000002,0.23983916500000002,0.7204129999999989,-0.0125288435,-0.0923994775,-0.01506393475,0.0,-0.05000000000001137,-0.10000000000002274
0.10666169000000002,0.2566584,-1.2476209999999988,0.0006047598999999999,0.13331524,-0.008649849,0.0,0.05000000000001137,0.0
0.039743748,0.2755726,-0.2959259999999997,-0.0006169714,-0.13363288,-0.0062063886,0.0,-0.10000000000002274,0.0
-0.046686932,0.23906105000000002,0.6809089999999998,-0.006725624,0.08016995,-0.0037629278,0.0,0.10000000000002274,0.0
-0.008738840000000003,0.11695676000000002,0.31639149999999994,0.0070188445,-0.06979745849999999,0.0069272137,0.0,0.0,0.0
0.024899697000000002,0.045729253,0.4941610000000001,0.00426995,0.081391685,0.011508703,0.05000049999999945,0.0,-0.14999999999997726
0.10989386000000001,0.20195090000000004,-0.7268809999999988,0.0128220655,-0.05360953,0.0047891866,-0.15000049999999732,0.09999999999999432,-0.4500000000000455
0.048722005000000006,0.108756613,1.1645380000000003,0.020152446,0.091470963,-9.773625e-05,0.0,0.09999999999999432,0.0
0.13180081,0.2834735,-0.3210639999999998,0.008546008,-0.1226373,-0.007428119,0.0,0.0,0.0
0.058298814000000004,0.13946224,0.16615499999999983,0.0302317235,0.0627602935,-0.0037629278,0.0,0.0,0.0
0.11288661,-0.038845922000000005,0.7982250000000004,0.00671341175,-0.0652159715,0.0029565897,0.0,0.0,0.0
0.014484920000000002,0.149398185,-0.2971219999999999,-0.0006169714,0.07894823,0.0035674553000000007,0.0,0.0,0.0
0.07026982000000001,0.017118542,-0.9052499999999988,0.010989468999999998,-0.034061845,0.0054000504,0.0,0.0,0.0
-0.05566519,0.22768856999999998,0.8808249999999997,-0.007336489,0.049626693,-0.0019303318,0.0,0.0,0.0
0.06919243000000001,0.20302830000000005,0.01053300000000057,0.0036590863,-0.0022968506,-0.0019303318,0.0,0.0,0.10000000000002274
0.022744916000000004,0.19680338,-0.13431699999999935,0.0036590863,0.0007574753999999999,-0.0043737926,0.0,0.0,0.0
0.11695676000000002,0.11396400000000001,0.09313299999999991,0.0048808157,-0.00046425546,-0.0019303318,0.0,0.0,-0.05000000000001137
0.019512744000000002,0.0724246,0.20326600000000106,0.0018264893,0.0019792058,0.0054000504,0.0,0.0,0.0
0.051595047,0.10690111000000001,0.06081100000000106,-0.005503893100000001,-0.013597858000000004,0.0075380802,0.0,0.0,0.05000000000001137
0.04082113800000001,0.1484405,-0.09840299999999935,-0.0015332689755,-0.0022968506,0.002345725,0.0,0.09998999999999114,0.10000000000002274
0.0631470665,0.19752164000000003,0.4217365000000015,-0.004587595349999999,0.018472567,-0.0043737926,0.0,0.0,0.0
0.0673967765,0.19788077,0.0015545000000027898,-0.003365865,0.0038118016,-0.0037629278,0.0,0.0,0.0
0.039803603,0.17645266,0.12904550000000015,-0.0024495674000000003,-0.0007696876499999997,-0.0025411965,0.09999999999999787,0.0,0.0999999999999659
0.049081135,0.14951789000000001,0.2290030000000005,-0.009169085,0.0032009361,-0.0013194662,0.0,0.0,0.10000000000002274
0.033997664000000004,0.31783028,0.15298700000000132,-0.019553794,-0.008405503,0.0072326474,0.10000100000000245,0.10000999999999749,0.0
0.021308395,0.34967315000000004,0.5324679999999997,-0.0048930272,0.0001466102,0.023726007,0.19999899999999826,-0.10000999999999749,0.30000000000001137
0.039863458000000004,0.30933087000000004,0.0009550000000011494,0.0054916814,-0.0035185815999999996,0.025253171,0.0,0.10000999999999749,0.049999999999954525
0.033877954,0.27138276,0.6126740000000002,0.0018264893,0.010531319,0.026780335,0.0,0.0,-0.049999999999954525
0.0034715924000000005,0.29209260000000004,0.3493120000000012,-0.007336489,0.0157236735,0.031667255500000005,0.0,0.10000000000002274,0.0
0.012330139,0.3445256200000001,0.3205819999999999,-0.006725624,0.002590071,0.037165046,0.0,0.0,0.0
0.029209262000000003,0.28299465,0.0859494999999999,-0.0024495665,0.023970354,0.048771486,0.1999999999999993,0.09999999999999432,0.19999999999998863
0.05327099000000001,0.30418332000000003,0.3133990000000004,0.0036590863,-0.00046425546,0.062210515,0.10000100000000245,0.0,0.30000000000001137
0.06596026,0.28203697,0.2774859999999997,-6.105751e-06,-0.0010751202,0.06343225,0.1000009999999989,0.0,0.0
0.07182605,0.30825348,0.36487400000000036,-0.0048930272,-0.0010751202,0.06282138,0.09999799999999937,0.09999999999999432,0.0
0.047046062,0.322199695,0.09552699999999881,-0.00397673065,0.00808785805,0.0670974405,0.10000000000000142,0.0,0.0999999999999659
0.0053869538,0.28275522999999997,0.28706299999999985,0.0054916814,0.0007574753999999999,0.07015177,0.0,0.0,0.0
0.034715924,0.2957437600000001,0.21403899999999965,0.0057971135,0.020916028,0.07137349,0.09999999999999787,0.0,0.0
0.06907272,0.270724355,0.30980700000000105,0.00488081665,0.008698723,0.06709744,0.0,0.0,0.0
0.063087213,0.27623101,0.1601700000000008,0.00426995,0.0056443973,0.06923547,0.0,0.0,0.0
0.06979098000000002,0.26527755000000003,-0.05411099999999891,0.0067134127,0.0062552625,0.067708306,0.0,0.0,0.0
0.09409212500000001,0.28826188,0.3361440000000009,0.0070188446,0.014501943,0.06007249,0.0,0.09998999999999114,-0.19999999999998863
0.13970166000000003,0.2861071,0.4690220000000007,0.0128220655,0.014807375,0.050604075,0.0,-0.09998999999999114,0.0
0.16891093000000001,0.30873232000000006,0.5372570000000003,0.01312749825,-0.00840550405,0.031056391000000006,0.10000100000000245,0.0,0.0
0.15729905,0.29233202500000005,0.20027299999999926,0.0122112,-0.019095645,0.01456303,0.1000009999999989,0.0,0.30000000000001137
0.13922282,0.23511062000000005,0.1362280000000009,0.020152446,-0.020011943,-0.0043737926,0.0,0.0,0.0999999999999659
0.13958195,0.23702598,-0.3330359999999999,0.007935142,-0.035283573,-0.019645423,-0.05000049999999945,0.0,-0.25
0.12581530500000002,0.248458275,0.31339899999999865,0.0002993260999999997,-0.0401704965,-0.03430619,-0.05000049999999945,0.0,-0.049999999999954525
0.08714894000000001,0.267312615,0.1733380000000011,-0.007336489,-0.042613957,-0.048356093,0.1000009999999989,0.0,0.19999999999998863
0.07038953,0.29388826,0.6192585000000008,-0.0042821635,-0.04291939,-0.059351668,0.0,0.0,-0.10000000000002274
0.05590461200000001,0.2870648,0.5450385000000022,0.002437355,-0.049333476,-0.07828849,0.0,0.0,0.05000000000001137
-0.0023942016,0.16723499,0.10151250000000012,0.0225959085,-0.005351177,-0.08928406,0.0,-0.09999999999999432,-0.05000000000001137
-0.05434838000000001,0.0641646,-0.2264929999999996,0.016487256000000002,-0.004740312,-0.10211223,0.0,0.0,0.0
-0.12868833999999998,0.05566519,0.06440200000000118,-0.010390815,0.03252247,-0.11310781,0.0,0.0,0.0
-0.05925649400000001,0.017597382,0.5360600000000009,-0.027495041,0.049015827000000005,-0.116773,0.0,0.09999999999999432,-0.0999999999999659
0.087867205,0.27246015000000007,-0.9722869999999997,-0.0042821635,0.0429071785,-0.1186056,0.0,0.0,0.0
0.11563994,-0.08870517,-0.23487300000000033,0.0583315265,0.07070154349999999,-0.106999155,-0.1000009999999989,0.0,0.0
0.058298814000000004,-0.14580688,0.22481300000000104,0.04825225,0.03618766,-0.09294926,0.0,0.0,0.0
0.011851298000000001,-0.061650693000000006,-0.1564629999999987,0.020152446,0.03496593,-0.07767762,-0.10000100000000245,0.09998999999999114,-0.20000000000004547
0.029448682,-0.017238252000000003,0.005743999999999971,-0.0045875949,0.0441289075,-0.06851464700000001,-0.09999999999999787,0.10000999999999749,-0.0999999999999659
0.08164227600000001,0.10642227,-0.06368799999999908,0.00426995,0.035576794,-0.06057339,0.0,0.0,-0.10000000000002274
0.0984016875,-0.11252748,0.47859850000000037,-0.0030604322,0.0077824255000000005,-0.039803974,0.0,0.0,0.0
0.10019734000000001,0.11767502000000002,-1.246423,-0.01100168,-0.008405503,-0.027586672000000003,0.0,0.10000000000002274,-0.0999999999999659
-0.012928689,-0.005985504400000001,0.4929640000000006,0.0006047598999999999,-0.005351177,-0.0062063886,-0.10000000000000142,0.09999999999999432,-0.20000000000004547
0.02920926,0.06177040500000001,0.4414890000000007,0.00182648935,0.0001466102,-0.00070860144,-0.04999899999999968,0.0,0.0
0.038187516000000005,-0.027533320000000014,-0.014606999999999815,-0.0036712977,0.01083675225,0.0090652425,-0.04999899999999968,0.09999999999999432,0.0
0.035553896,0.0022744916000000002,-0.3785249999999998,-0.016499467,0.0126693475,0.010592406,-0.1000009999999989,0.0,-0.0999999999999659
0.06500258000000002,0.17369933000000004,-0.23487300000000033,-0.019553794,0.0038118016,0.010286974,0.0,0.09998999999999114,0.0
0.08978256600000001,0.17597381999999998,0.3469180000000005,-0.0018387008,0.0044226665,0.01456303,-0.050000500000003,0.0,-0.05000000000001137
0.1340753,0.11671733999999999,0.25354399999999977,0.0067134127,-0.011459829,0.021282548,-0.05000049999999945,0.10000999999999749,-0.10000000000002274
0.11599906999999998,0.06763620000000001,-0.37732800000000033,-6.105751e-06,-0.031618383,0.028002067,0.0,0.0,-0.0999999999999659
0.08391677,0.11947067,0.19847700000000046,-0.018942928,-0.026731461,0.031056391000000006,0.0,0.0,0.0999999999999659
0.035314476000000004,0.19177556,0.25593800000000044,-0.017721198,-0.04505742,0.03777591,0.0,0.0,0.1500000000000341
0.033758244,0.218171635,-0.23606999999999978,-0.016194035000000002,-0.010543531899999998,0.044800858,0.0,0.0,0.0
-0.002992752085,0.15574282,-0.2264929999999996,-0.013139709,-0.0383379,0.044189993,0.0,-0.10000999999999749,0.0
0.012749124,0.17729063499999997,-0.28515200000000007,-0.02260812,0.0007574754999999994,0.036554180000000006,0.10000100000000245,0.0,-0.10000000000002274
0.0062249243,0.09564836,-0.07565899999999992,-0.03299283,-0.036505304,0.028002067,0.0,0.0,-0.0999999999999659
-0.06943185,0.08248024600000001,-0.33782399999999946,-0.048875324000000005,0.007476993,0.028002067,0.1000009999999989,0.0,0.0
-0.09876082000000001,0.1745373,0.16136700000000026,-0.06292523,0.016639972,0.04938235,0.0,0.0,-0.10000000000002274
-0.10845733999999999,0.4024653,1.9007545000000006,-0.045821,0.05817881,0.05426927,0.0,-0.04999499999999557,0.0
0.09109937500000001,0.512838,1.5224710000000012,0.04580879,0.054513615,0.038997643,0.0,-0.04999499999999557,0.0
0.22110453,-0.12785037,-3.603515,0.05313917,0.04290718,0.029223794,0.0,-0.09999999999999432,0.0
0.21021092000000002,-0.35362359000000004,-2.644038499999999,-0.051318787000000005,0.03618766,0.010286974,0.0,0.0,0.0
0.064763157,0.3108871,2.783018,-0.114237905,0.048099533,0.0063163489,0.0,-0.09999999999999432,0.0
0.13120226,0.4957195,2.8787860000000007,-0.100188,-0.0059620426,0.004178321,0.0,0.0,0.10000000000002274
0.21057005000000004,0.33423057000000006,-1.727658,-0.00977995,-0.024288,0.015173895,0.0,-0.10000000000002274,0.0
0.19381063000000007,-0.0038307227,-2.688929999999999,0.0048808157,-0.03345098,0.024947738,-0.05000049999999945,0.0,-0.14999999999992042
-0.0005985504,0.04201824000000001,1.4135350000000013,-0.03543629,-0.03222925,0.038997643,-0.05000049999999945,0.0,-0.15000000000009095
-0.02885013,0.1958457,2.5483860000000007,-0.045821,-0.013903292,0.034110717,0.05000049999999945,0.0,0.0
0.08631097,0.12306197000000002,-1.0165799999999994,-0.02505158,-0.0383379,0.02983466,0.05000049999999945,0.0,0.0
0.10295067000000001,0.07577648000000001,-2.119109999999999,-0.015888601999999998,-0.04872261,0.031667255,-0.1000009999999989,-0.10000999999999749,0.0
-0.020350714000000002,0.026336218500000005,0.7623115000000009,-0.0094745175,-0.0242879995,0.038692210000000005,0.0,0.0,0.0
-0.10857705000000001,0.050996494,1.333328999999999,-0.01222341,-0.0102381,0.034721583,0.0,-0.04999499999999557,-0.05000000000001137
-0.021547815,-0.002873042,-0.1331199999999999,-0.007336489,-0.009627234,0.029223794,-0.10000100000000245,-0.04999499999999557,-0.05000000000001137
0.08343793,0.0089782566,-1.4840479999999996,-0.011612546,-0.015735887,0.0234205765,0.0,0.0,0.0
0.08762778,0.11731589,-0.04812599999999989,-0.008558219,0.012363913999999998,0.03227812,0.0,-0.09999999999999432,0.0
-0.029688102,0.057460840000000006,0.6557700000000004,0.013432931,-0.0035185819,0.03349985,0.10000100000000245,0.09999999999999432,-0.0999999999999659
-0.015562311000000002,-0.06536171,-0.19895999999999958,0.0048808157,0.0032009361,0.035943314,0.0,0.0,0.049999999999954525
0.058298814000000004,0.008020575,-0.6143542499999999,-0.014666872,0.0022846385500000003,0.04266283,0.0,0.0,0.05000000000001137
0.08595184000000002,0.14197617,0.31100499999999975,-0.02505158,0.009920454,0.05426927,0.0,-0.09999999999999432,0.0
0.06727707,0.16256629,0.41395499999999963,-0.007336489,-0.02306627,0.059156194,0.1000009999999989,0.0,0.0
-0.028491000000000002,0.06943185,-0.15825899999999926,0.0048808157,0.007476993,0.06343225,0.0,0.0,0.0
0.002873042,0.18818425000000003,0.04884000000000022,-0.023218986,-0.00901637,0.056407298499999994,0.09999799999999937,0.0,0.0
0.009337386500000001,0.32070332,0.6042940000000012,-0.0271896085,0.06489833,0.06526484,0.0,0.0,0.0
0.029209262000000003,0.4004302500000001,0.20685700000000118,-0.007947354,0.039241984,0.078093015,0.0,-0.09999999999999432,0.10000000000002274
-0.019393034000000003,0.29843724,-0.17860974999999968,0.0030482206,0.023359489,0.09825157,0.10000000000000142,-0.10000000000002274,0.39999999999997726
0.012569559000000001,0.28880058,-0.06608175000000038,-0.0036712978,0.02122146,0.11932642,0.0,-0.10000999999999749,0.30000000000001137
0.0076614454,0.27820623000000005,1.1693259999999999,-0.007947354,0.017861702,0.13123829999999995,0.09999999999999787,0.0,0.10000000000002274
0.05159504400000001,0.2542642,0.37924000000000113,-0.0036712978,-0.0065729073,0.15017511,0.10000100000000245,0.0,0.0
0.037948096,0.19201498,-0.564076,0.00457538395,-0.037421603,0.16208698500000002,0.0,0.0,0.0999999999999659
0.08643068000000002,0.15215151000000005,0.07397900000000135,-0.0070310563000000005,0.016334538500000002,0.165446745,0.0,0.0,0.0
0.09744401000000001,0.16130934,0.5683819999999997,-0.015277737,-0.01787391545,0.17583145,0.0,-0.09998999999999114,0.0
0.10235212,0.22242134000000002,0.25833300000000037,-0.015888601999999998,-0.043224823,0.189270485,0.1000009999999989,0.0,0.0
0.11683705,0.24241292000000003,-0.4132409999999993,-0.014056006,-0.05605299,0.19721174,0.09999799999999937,-0.09999999999999432,0.10000000000002274
0.11061212000000001,0.19931729,0.19249199999999966,-0.0048930272,-0.103089616,0.2155377,0.0,0.0,0.0
0.07170634000000001,0.20015526000000003,0.2607265000000005,-0.014666872,-0.08720712,0.23019846,0.10000000000000142,-0.09999999999999432,0.19999999999998863
-0.0090979666,0.25629928,0.211646,-0.023218986,-0.09942442,0.25035703,0.09999999999999787,-0.10000000000002274,0.0
-0.051714754,0.2670732,0.32177900000000115,-0.021386389,-0.10553308,0.26562867,0.0,-0.050004999999998745,0.0
-0.102771105,0.298856235,-0.33064099999999996,-0.0247461475,-0.101867884,0.28334376,0.10000100000000245,-0.050004999999998745,0.10000000000002274
-0.14209588,0.30813377000000003,-0.20075600000000016,-0.014056006499999999,-0.061550781,0.30228058,0.1000009999999989,0.0,-0.10000000000002274
-0.28491,0.36667200000000005,-0.799904999999999,0.026871964,-0.008405503,0.31449790000000005,0.0,-0.09998999999999114,-0.30000000000001137
-0.29628245999999997,0.24516625,0.753933,0.053750034,0.009920454,0.33099124,0.14999800000000008,0.0,-0.0999999999999659
-0.10737995,-0.10229226999999999,2.1701023500000005,0.03542408,0.052375588,0.36275622,0.05000000000000071,-0.09999999999999432,0.0
0.24720132000000003,0.18375498,-0.1414989999999996,-0.036047153,-0.03467271,0.36642143,0.04999999999999716,-0.09999999999999432,0.0999999999999659
0.22972364,0.2778471,-1.6330869999999997,-0.028105907000000003,-0.05360953,0.40246248,0.10000050000000016,-0.10000000000002274,0.0
-0.026336220000000007,0.42209776,-0.34021800000000013,-6.105751e-06,-0.071324625,0.45499688,0.050000500000003,-0.10000999999999749,0.10000000000002274
-0.34715924000000004,0.20231004000000002,0.6868940000000006,0.03114802,0.002590071,0.51852685,0.1000009999999989,-0.09998999999999114,0.0
-0.38546648000000006,-0.08164227600000001,0.6868940000000006,0.023206774,0.03130074,0.55701137,0.1999980000000008,-0.19999999999998863,0.0
-0.11252748,-0.14341269,-1.7994839999999996,-0.02016466,-0.0016859858,0.5643417,0.04999999999999716,0.0,0.0
0.22649148000000002,0.21308396000000004,-2.034115999999999,-0.05437311,-0.012070695,0.58144593,0.15000100000000316,-0.10000000000002274,0.0
0.22505496,0.28167782,0.9083580000000033,-0.023829851000000003,-0.063994244,0.6180979,0.0,-0.10000999999999749,-0.10000000000002274
0.07410054,0.18806454,0.724003999999999,0.007935142,-0.13546547,0.64314336,0.1000009999999989,-0.09998999999999114,0.0
-0.14221559,-0.029568392,-0.2624069999999996,-0.0042821635,-0.16356528,0.71217114,0.29999799999999865,-0.19999999999998863,0.10000000000002274
-0.16603788500000002,0.00837970615,-1.5941814999999995,-0.032992829,-0.158372925,0.75890232,0.10000100000000245,-0.20001000000002023,0.0999999999999659
-0.16220716000000002,0.15981296,-0.1486819999999991,-0.047653593,-0.16539787,0.7964705,0.05000049999999945,-0.1499900000000025,0.0
-0.21308396000000004,0.14999673,1.0723610000000008,-0.05437311,-0.15990008,0.83495504,0.19999849999999952,-0.19999999999998863,0.0
-0.17058687,0.10223241000000001,0.20925100000000008,-0.018942928,-0.14279586,0.85267013,0.20000049999999803,-0.20000500000000443,0.05000000000001137
-0.17729063000000006,0.0007182605,-0.14987900000000032,-0.016499467,-0.11836125,0.85450274,0.20000100000000387,-0.1999949999999444,0.05000000000001137
-0.17381904,-0.0031124622000000004,0.2176310000000008,-0.03421456,-0.15318057,0.86977434,0.19999899999999826,-0.25000000000005684,0.05000000000001137
-0.16555905,-0.014365210000000002,-1.0483034999999994,-0.043988403,-0.094537504,0.8838242000000001,0.25000049999999874,-0.19999999999998863,0.05000000000001137
-0.15574282,-0.11336545,-0.8801100000000002,-0.0177211977,-0.091788615,0.9039828,0.19999900000000004,-0.30001000000001454,0.0999999999999659
-0.10175357000000002,-0.18602947000000003,0.2894570000000005,-0.03543629,-0.10125702,0.91375667,0.3500010000000007,-0.3999949999999899,0.10000000000002274
-0.06344634,-0.07278373,0.3948020000000003,-0.047348161500000006,-0.041086795499999995,0.91711645,0.3500000000000014,-0.3999949999999899,0.0
-0.05680243700000001,0.012210429000000002,0.2972380000000001,-0.060481769000000005,-0.0814039,0.926279385,0.1999999999999975,-0.4000000000000057,0.0
-0.04710591900000002,0.032680854,-0.6005874999999996,-0.05162422,-0.11866668,0.9348315,0.3000000000000025,-0.4000000000000057,0.0
-0.08319851,-0.10283096000000001,-1.114742999999999,-0.022608119500000003,-0.122942735,0.95224115,0.1999999999999975,-0.40001000000000886,0.0999999999999659
-0.06679823,-0.08978256600000001,-0.7711749999999995,-0.065979555,-0.09942442,0.96201503,0.0999990000000004,-0.19998999999998546,0.0
-0.06524200000000001,-0.048482585,0.2355879999999999,-0.04643186,-0.11713952,0.98095185,0.2000010000000021,-0.5,0.0
0.00011971008000000001,-0.034715924,-0.5592874999999999,-0.05254052,-0.12996769,0.9876713,0.2999989999999979,-0.4000000000000057,0.0
0.0208295545,0.023822308,-0.4347890000000003,-0.049486191500000005,-0.14065782999999998,0.992558225,0.2000010000000021,-0.5,0.0
-0.049081135,0.05165490350000001,-0.08284100000000016,-0.037268884,-0.14859908500000002,0.99744517,0.1999999999999975,-0.5,0.10000000000002274
-0.07607576,-0.01646013625,-0.046928999999998666,-0.0348254235,-0.15654033,1.0047756,0.0999990000000004,-0.5,-0.10000000000002274
-0.09301473500000002,-0.06296750300000001,-0.3761314999999996,-0.029327638,-0.15867835,1.0078299000000002,0.20000100000000032,-0.8000000000000114,0.0
-0.02657564,-0.012808979000000002,-0.4383809999999997,-0.053762245,-0.12752423000000002,1.0072191,0.0,-0.29999999999998295,0.0
-0.011851298000000001,0.08475473750000001,0.14341075000000103,-0.05070792,-0.11866668,1.002943,0.09999999999999964,-0.5999999999999943,0.0
-0.016998831500000002,0.0799064815,0.22241900000000037,-0.035741721500000004,-0.12202644,0.99011487,0.19999900000000004,-0.6000000000000227,-0.0999999999999659
0.0010773907,0.0055066638000000005,-0.16304699999999883,-0.031771097000000005,-0.11713952,0.9760649,0.0,-0.6000099999999975,0.0
0.0010773907,-0.023104046000000003,-0.24684499999999865,-0.034825426,-0.114696056,0.9723997,0.0,-0.5999899999999911,-0.10000000000002274
-0.00011971008000000001,-0.020350714000000002,-0.10917774999999885,-0.039712347,-0.12019384,0.9699563,0.10000100000000067,-0.9000100000000089,-0.0999999999999659
0.053630119999999996,0.061650693000000006,-0.3605679999999989,-0.054983977,-0.1263025,0.95590633,-0.10000100000000067,-0.2999899999999798,0.0
0.07793127,0.06440403,0.11108899999999977,-0.048875324000000005,-0.12752423,0.9351369,0.10000100000000067,-0.6000000000000227,-0.10000000000002274
0.06751649000000001,0.11659763000000001,0.029087500000001043,-0.04612643,-0.121721005,0.896957875,0.0,-0.799999999999983,-0.10000000000002274
0.058777654000000006,0.08978256250000001,-0.19297449999999827,-0.045820998499999994,-0.115917787,0.867025475,0.0,-0.5999999999999943,-0.0999999999999659
0.05542577,0.10450691000000001,0.0751760000000008,-0.04368297,-0.105227645,0.8294572549999999,0.0,-0.6000000000000227,-0.10000000000002274
0.07960720700000001,0.1283292,-0.06847599999999865,-0.04215581,-0.09270491,0.7952488,0.0,-0.45000500000000443,-0.05000000000001137
0.084575173,0.04082113800000001,0.03447500000000048,-0.026884176,-0.08659626,0.74637955,-0.10000100000000067,-0.44999499999997283,-0.049999999999954525
0.08870517,0.026934770000000004,-0.16903250000000014,-0.028105907000000003,-0.060939915,0.6895690999999999,-0.04999949999999842,-0.6500000000000057,-0.10000000000002274
0.12653356000000002,0.028670565999999998,0.1392205000000004,-0.033909128,-0.06277251,0.618403315,-0.04999950000000197,-0.6500000000000057,-0.10000000000002274
0.1673547,0.015203181,0.2571349999999999,-0.028105907000000003,-0.054831263,0.5612874,-0.14999999999999858,-0.3499999999999943,-0.0999999999999659
0.16956933500000002,0.19428947000000002,-0.22409999999999997,-0.03543629,-0.047195445499999995,0.47087938,-0.05000000000000071,-0.3499999999999943,-0.10000000000002274
0.209133515,0.17202339,-0.22050799999999882,0.0018264893,-0.054220397,0.39391035,-0.20000100000000032,-0.4000000000000057,-0.0999999999999659
0.17681179000000002,-0.01113303785,0.10031500000000015,0.0061025470500000005,-0.03345098,0.32793692,-0.0999990000000004,-0.5,-0.10000000000002274
0.09564836,0.07505822,0.19129400000000096,-0.00977995,0.0038118016,0.27479163,-0.1999999999999975,-0.5,-0.10000000000002274
0.24229321000000004,0.14820108,0.3301590000000001,-0.018942928,-0.030396651,0.19232482,-0.2000010000000021,-0.4000000000000057,0.0
0.28820203,0.049200845,-0.3737370000000002,0.0085460077,-0.032840114,0.15017511,-0.19999900000000004,-0.30000000000001137,-0.0999999999999659
0.13335704,-0.15047557,-0.7508229999999987,0.029926291,-0.050555207000000005,0.13643064000000002,-0.1999999999999993,-0.39999999999997726,-0.19999999999998863
-0.0232237565,-0.0973243,0.2056590000000007,-0.012834276,-0.032840114,0.11596666,-0.20000000000000107,-0.30000000000001137,-0.10000000000002274
0.06799533,0.042736500000000004,0.9670162500000021,-0.024440715,-0.031618384,0.06404311,-0.09999999999999964,-0.30000000000001137,-0.10000000000002274
0.1033098,-0.08882488000000002,-0.44915400000000005,0.018319853,-0.023677135,0.060988784,-0.1999999999999993,-0.29999999999998295,-0.0999999999999659
